"","Appetitive_E15","Appetitive_E18","Appetitive_P0","Appetitive_P4","Appetitive_P10","Appetitive_P21","Aversive_E15","Aversive_E18","Aversive_P0","Aversive_P4","Aversive_P10","Aversive_P21"
"other.GAPs",0.0920358414,0.0506155154,0.0239554987,0.1248284353,0.0281959285,0.0003127426,0.043611651,-0.006729642,0.021443134,0.071081978,0.011883831,0.109938714
"RhoGEFs_1",0.003964799,-0.016774985,-0.020239427,0.016092174,0.098058672,0.104877229,0.009328237,-0.032326785,0.013616624,0.053216041,0.109772972,0.15879359
"RhoGAPs",0.039942846,-0.030328064,0.001459505,0.041182542,0.064796458,0.107931869,-0.0358468,-0.04470607,-0.06154773,0.07986419,0.03002425,0.13487659
"RhoGEFs_2",0.0326765,-0.01426247,0.05009153,0.03143679,0.07264186,0.08350939,-0.015369815,-0.048032636,-0.027939267,0.019439877,0.007174376,0.068234447
"Rho.family.of.GTPases",0.13548324,0.03583452,0.02171299,-0.02327178,0.01440654,0.04859621,0.06021939,0.007011075,0.067295016,-0.007987843,0.015068223,0.005349915
"collapsin.response.mediator.protein..CRMP.",0.03297493,0.08919765,0.08198553,0.11384708,0.11206497,0.09953235,0.03680328,0.02742255,0.02714569,0.03792439,0.07837797,0.05175245
"α.Catenin",0.01693307,0.01073798,-0.01600561,0.05912711,0.09102193,0.06265665,-0.02269329,-0.0339783,-0.07538567,0.02250545,-0.07955089,-0.04769427
"Semaphorin.receptors",0.11139792,0.10125122,0.15195133,0.03454333,0.09653961,0.0402911,0.02724782,-0.00480931,0.04016153,0.01545456,-0.03364164,0.0395965
"Eph.receptors",-0.05843655,0.02840261,0.03893805,0.04000951,-0.0289486,0.05342719,-0.025882355,0.045330503,0.098564628,0.148660789,-0.002864727,0.140010172
"Netrin.receptors",-0.01146219,-0.01944112,0.07128484,0.21788509,0.06775407,0.0389184,0.029079756,0.080586545,0.083536284,0.196043301,-0.009548585,0.067795578
"Robo.Neo",0.0630548837,0.0837679085,0.1282210008,0.1749787594,0.1006032632,-0.0002598714,0.085108789,0.033741601,-0.001271431,0.03436372,-0.082731887,-0.021955238
"Contactins",0.114609,0.1324938,0.1415251,0.1371052,0.1238254,0.1422202,0.09321393,0.13561497,0.05256787,0.184054,-0.06349095,0.05053379
"Semaphorins",0.10375617,0.08862872,0.17584525,0.22150904,0.18803922,0.14616872,-0.023027634,0.122870924,0.181823587,0.217733211,-0.058488747,0.008061288
"Ephrins",0.034988928,-0.032284015,-0.036087549,-0.002853895,-0.009622282,-0.072649897,0.01689426,0.07677213,0.03749151,0.03130623,-0.027916,0.03840905
"Netrins",0.001106981,0.0730358621,0.0004662264,-0.0435666597,-0.0575213216,-0.0568348491,0.018526247,-0.011631499,0.008365909,-0.050573466,-0.068217766,-0.099604828
"Slit.Noggin.RGMs",-0.011732882,-0.009378464,0.053327858,0.132069153,0.051725586,0.017970826,-0.05037783,0.02469693,0.01137513,0.22828036,-0.03353359,0.02754479
"SynCAM.family",0.10250116,0.05679984,0.09564652,0.0753625,0.03545903,0.05333134,0.057074834,0.039404101,-0.02413262,0.008875727,0.077578894,0.092273261
"N.cadherin..Catenins",0.06323961,0.07993789,-0.0197838,0.07157018,0.08721677,0.0318935,-0.007760928,-0.012210042,0.077515408,0.072093607,0.039414328,0.086577877
"LRRTMs",0.066117593,0.079601361,0.08572223,0.060084413,0.020736936,0.001536403,0.02980935,0.07276565,0.01959102,0.05487001,0.05728881,0.09777573
"LRRCs",-0.001894123,-0.123730871,-0.040499468,-0.04878223,0.034473634,-0.047270526,-0.02146427,-0.01222341,-0.11021774,-0.1139343,-0.04892101,-0.03781693
"Slitrk.Elfn",0.07309923,0.08366522,0.11473148,-0.00894862,0.11870199,0.09104116,0.034976114,0.0710742645,0.1019380648,0.0273491854,-0.0254244241,-0.0009518544
"neuroligin.SDKs",0.0344558,0.09673852,0.16999853,0.10673179,0.08341222,0.07556173,-0.0005815409,0.0495166095,0.040671778,0.1534284035,0.0001160107,0.0776346674
"PSD.scaffolding",0.022425906,-0.009449295,0.00527085,0.030995922,-0.014200807,0.090113042,0.03875786,-0.01306635,0.03699306,0.01571322,0.05533276,0.0870417
"NMDA.subunits",0.12994762,0.08579944,0.07279897,0.12292485,0.05484808,0.02407439,0.08670678,0.05555854,0.09582622,0.1384531,0.02380341,0.1469426
"AMPA.TARP.SynDIG",0.0843443,0.1471101,0.1663601,0.1856063,0.1341653,0.1888325,0.05765086,0.10990321,0.08156628,0.19752682,0.08497826,0.17667136
"Shisa",0.03605049,0.06667774,0.09508555,0.07550298,0.04586798,0.09374947,0.0100841,-0.03668884,-0.01705491,0.01281272,-0.01471879,0.01665005
"Kainate.Receptor.Subunits..GRIK.",0.04701903,0.10055654,0.12968137,0.2483266,0.0724332,0.1095838,0.03907777,0.08537805,0.019873,0.16401386,-0.01561083,0.01098806
"mGluRs",0.001637629,0.017003141,0.011677344,0.088693849,0.007162365,0.031617392,0.135950253,0.135246324,0.065605837,0.131868117,-0.006743991,0.067995794
"GABA.A.receptors",0.159266608,0.142754065,0.181314928,-0.001647392,0.03778391,0.074529244,0.12421483,0.04917194,0.0488744,-0.02211694,0.01887301,0.06489016
"GABA.B..mAChR",0.025756788,-0.016039665,0.004781757,0.099904291,0.031375946,0.106643828,0.08686188,0.02150101,0.04805231,0.19983892,0.05015647,0.10044732
"Glycin.receptors",-0.0368967511,0.0001578712,0.0249721864,0.0995559849,0.099126449,0.0883646848,0.002389028,0.095023287,0.105193806,0.077508884,-0.068456188,-0.016364277
"nAChR.Subunits",-0.069905138,-0.069292739,-0.024290455,-0.001669025,-0.023978862,-0.08342948,-0.05390736,-0.08399155,-0.0775942,-0.1255225,-0.11971746,-0.09516358
"Dopamine.Receptors",-0.03249705,-0.06892621,-0.15100333,-0.05692253,-0.0432149,-0.03039744,-0.03195047,-0.08909708,-0.04587676,-0.03426894,-0.04713662,-0.07920162
"adrenoceptors",-0.03678904,-0.0285075,0.02794519,0.06439251,0.0350536,0.02698486,-0.02612307,-0.10385219,-0.12469552,-0.08857517,-0.14235217,-0.21291474
"Neuropeptide.receptors",-0.090390539,-0.086152255,0.024436606,0.021104042,-0.02064553,-0.007091069,-0.010268258,-0.061810994,-0.005352174,0.015860247,-0.031108991,-0.011141367
"Neurexins..Type.IIa.RPTPs",0.21476629,0.29092572,0.22354425,0.15438022,0.08599979,0.13767922,0.09167744,0.20410462,0.12589794,0.14566186,0.08741817,0.14170026
"syntaxins",0.06504308,0.03605663,0.09662283,0.0302563,0.03564887,0.07570567,0.0006939152,-0.0348075578,-0.00220526,-0.01965445,-0.0114929364,0.0472702249
"SNAP.complex",0.1054468,0.04054252,0.05992956,0.02962419,-3.238307e-05,0.05664721,0.109495481,0.004119188,0.025102538,-0.011540914,0.021661859,0.050293593
"Synaptobrevin",0.051818859,0.014604814,0.004266117,-0.024271387,-0.005066709,-0.02320298,0.043709684,-0.027057581,0.009426486,-0.05313996,-0.059526404,-0.043982966
"CADPS..MTCPs",0.029999267,-0.003615711,0.016749058,0.028713352,0.06260217,0.068855505,0.038863949,-0.040958849,-0.053746849,0.053432344,-0.059542302,-0.009134513
"Rab",0.05655739,0.12294262,0.16783472,0.16710253,0.13488277,0.06321831,0.03292386,0.05589682,0.08157752,0.11909844,0.09362776,0.11310585
"Synapsins..Complexins",0.02888596,0.08067481,0.13584899,0.08863812,0.05129376,0.15339173,-0.01486765,0.01581689,0.01819105,0.08886396,0.06028761,0.18551745
"SV2.family.and.related",0.07673122,0.135678,0.13146436,0.08321902,0.16905651,0.20831128,0.09345874,0.03615515,0.037316,0.05495769,0.03024678,0.13418573
"Munc.18.family",0.01426898,0.05515424,0.02070516,0.09032204,0.03257953,0.04085796,0.04648079,0.01732465,0.08405719,0.04958838,-0.03292129,0.04504852
"RIMs..RIM.BPs",0.06295277,0.06301135,0.09301429,0.03163054,0.05069699,0.03791717,0.007012787,0.04123292,0.027746413,-0.018876417,-0.020903857,0.01751458
"ERC.family..α.Liprins",0.07223227,0.040763026,0.033025345,0.007780571,-0.012498293,0.007295197,0.0396169409,0.0222492217,0.0344884021,-0.0003639158,-0.001234655,-0.0015866532
"piccolo.bassoon.Cask..Sydi",0.081001915,0.051354273,0.034994278,0.016134316,0.048062823,0.002857082,0.043885121,-0.007443728,-0.023480781,-0.020813196,-0.023779379,-0.027293077
"FERM..Lin7",0.09963369,0.09548992,0.14807558,0.19646324,0.1359826,0.20671183,0.07559101,0.11497675,0.06027347,0.21902244,0.05547743,0.13457704
"Unc13.sub.family",0.02132147,0.090948,0.07483644,0.02922535,0.07103964,0.09765467,-0.031219684,0.006717966,0.007594719,-0.008435302,-0.001635543,0.012258227
"Liprins",0.0956427,0.09375096,0.07464317,0.01540969,0.11233069,0.06501437,0.01243344,-0.01690302,-0.02298617,-0.03048303,-0.02751756,0.02020349
"Neuropeptides..CRH.BP",0.1384263,0.1343036,0.1489654,0.1514764,0.2178089,0.2051919,0.09869941,0.01271166,0.06211187,0.13187935,0.13095954,0.17387351
"Adenylate_cyclases",-0.0015819099,0.025990617,0.1027121909,0.0310448704,-0.0003082946,-0.0367759413,-0.001786714,-0.009778382,0.030539281,0.152772814,0.011029888,0.062602757
"Phosphodiesterases",0.01595085,0.01518234,0.10411619,0.13064415,0.06511215,0.11985489,-0.03772279,0.09170741,0.06202011,0.22721664,0.06683748,0.12193463
"Phospholipases.C..PLCs.",0.0473629884,-0.0286227337,-0.0057760924,0.076124801,-0.0001922165,-0.0087865979,-0.006465321,0.044728891,0.013254609,0.133895572,0.018596016,0.000732701
"Protein.kinases.C..PKCs.",0.116889,0.1240097,0.1516647,0.1233919,0.1045559,0.1261153,0.01599667,0.08873708,0.09254573,0.17169031,0.14256856,0.22299817
"Protein.Kinase.A..PKA..and.Protein.Kinase.G..PKG.",0.10585844,0.02399083,0.03598575,0.06212274,0.04802226,0.07851353,0.053421267,0.014888882,0.01394061,0.0277719,0.005591545,0.065719398
"Diacylglycerol.kinases..DGKs.",0.008212847,-0.050012241,0.061524969,0.127483025,0.09416467,0.064092585,-0.03133807,0.02871625,0.07018266,0.17413647,0.09775276,0.16072162
"Calcium.calmodulin.dependent.protein.kinase.type.II",0.1652639,0.1450891,0.1535238,0.142611,0.1342488,0.1935139,0.1183895,0.1777932,0.1790547,0.2247254,0.2288063,0.3209332
"RAS_type_family_GTPases",0.07163545,0.04110898,0.14835685,0.08266662,0.02162581,0.04069406,0.07300258,0.01317565,0.05921896,0.06866777,0.01950007,0.1310205
"Rgs",0.1360563,0.13231136,0.11773959,0.14527941,-0.01353165,0.04810081,0.05839413,0.05530766,0.06518472,0.12694434,0.06725719,0.07357358
"Trimeric.G_protein",0.12145341,0.14846395,0.13725419,0.07861559,0.19439423,0.17662003,0.07850231,0.0558272,0.10380502,0.09419547,0.14160692,0.20562189
"Calcium.channel.poreforming.subunits",0.107975817,0.105912951,0.036533113,0.009668255,0.083127107,0.097859507,0.04244956,0.105732,0.05774255,-0.0158809,0.016393,0.0645503
"Calcium.channel.gamma.TARP.subunits",0.032968868,0.01130066,0.010868787,0.027578724,0.056039842,0.007844314,0.036611542,0.039349379,0.04409123,0.00683661,-0.044974646,0.009065012
"Potassium_channels._voltage.gated",-0.01209461,0.0162768,0.09266853,0.14894142,0.09815455,0.14253871,0.009722578,0.041897318,0.077849314,0.162245388,0.078921475,0.143327191
"Potassium_channel._voltage_gated_regulatory_beta_subunits",0.002899935,0.005528868,0.02502297,0.047119726,0.016411745,0.054418457,-0.001943837,-0.002298769,-0.030618883,0.08517333,0.018613141,0.075395032
"Potassium_channels._inwardly_rectifying_subfamily_J",-0.05891132,-0.04505207,0.01271659,0.02693893,-0.03090609,-0.08464523,-0.06589269,-0.06002794,-0.03466947,0.06916928,-0.06196286,-0.0127722
"Potassium_channels._two_pore_domain_subfamily_K",0.035966097,-0.005274126,0.033712011,0.047589666,-0.040172924,-0.036352411,0.030338101,0.084893299,0.012555496,0.03870593,-0.020465633,-0.008620889
"Potassium_channels._calcium_activated",0.01774547,0.04650831,0.05956701,-0.0100326,0.0441239,0.03110299,0.01707389,0.05404624,-0.02773114,-0.0204379,-0.01758899,-0.02855947
"septin.complex",-0.080612325,-0.209812117,-0.17479752,-0.006259068,-0.078730652,-0.095823536,-0.084230871,-0.083744879,-0.208669022,0.005353099,-0.093470597,-0.125676687
"Neurofilament",0.1540766,0.1134638,0.144226,0.1778289,0.1460477,0.2151381,-0.0102289,0.01872865,-0.01661165,0.111626,0.04076659,0.10517004
"Cortactin.and.its.BPs",0.033129973,0.055103169,0.007813131,-0.012503247,-0.020444747,0.031633287,0.0310847761,-0.0498800925,-0.0005785212,-0.023413181,-0.0467161349,0.0569514881
"Contactin.Associated.Proteins..CNTNAPs.",0.06374756,0.12001683,0.04326339,0.12582924,0.06876686,0.11787705,-0.045630524,0.095557268,0.036446995,0.14804149,-0.006966223,0.039905512
"Cblns..Nphx",-0.07903218,-0.14249582,-0.13618547,-0.09423242,-0.09881089,-0.1177371,-0.06963049,-0.15639535,-0.05421825,-0.02794996,-0.10675542,-0.10669054
"Dystroglycan..Sarcoglycans",0.018615082,0.006421131,0.005934148,0.005430861,0.005885765,0.035997141,0.021298875,-0.007800567,0.0268768,0.050176455,-0.03263036,-0.025373074
"neuronal_IgCAMs",0.10478266,0.16392715,0.17831537,0.16928273,0.09075782,0.16698163,0.061134178,0.058324311,-0.002927287,0.12343322,0.044557298,0.13399078
"Nectins",0.08045083,0.08709383,0.17526773,0.16391564,0.05467436,0.04198988,0.13186492,0.17066734,0.13299868,0.19129658,-0.02764159,0.02596054
"Major_cadherins",0.05354567,0.02722016,0.08638147,0.13864422,0.03748001,0.09120346,0.03283108,0.05005952,0.02915749,0.12318758,0.04192009,0.02267196
"Clustered_protocadherins",-0.065171681,-0.029687921,0.005857288,-0.053567684,-0.064705722,-0.06204696,-0.0285273,-0.09517592,-0.04910369,-0.13949105,-0.12435032,-0.14204809
"Teneurins.Flrts",0.05475285,0.09786607,0.17170807,0.18754242,0.06573765,0.08586327,-0.001225274,0.089579249,0.055349164,0.14924293,0.054550167,0.078184249
"Latrophilin",0.070752434,0.097596985,0.001021464,0.073400071,0.125401179,0.106479641,0.031057142,0.023906646,0.077736204,0.102192224,-0.005923586,0.048637057
"Neuregulins..EGF.family.",0.04569418,0.13438906,0.1269531,0.17836092,0.02520414,0.14531217,0.03026429,0.05203442,0.04661796,0.07202959,0.02821367,0.04805379
"Receptor.tyrosine.protein.kinase.ErbB",-0.11425014,-0.11055299,-0.17687641,0.0310299,-0.04763379,0.01203417,-0.13764968,-0.18148488,-0.21030339,-0.14251727,-0.09373903,-0.18166174
"fibroblast.growth.factor.receptor",-0.05253364,-0.05065755,-0.06935247,-0.03016518,-0.07304207,-0.09336218,-0.02055072,-0.05415652,-0.03172122,0.02267861,0.04358762,0.1219685
"BMPs.TGF.β",-0.08097756,-0.06980818,-0.15640967,-0.12974436,-0.1374303,-0.11275119,-0.0880849129,-0.0743824596,0.0001572828,0.015782152,-0.0123604307,-0.0086738177
"BMP.TGF.β.receptors",-0.000310441,-0.029452719,-0.007909956,0.016302548,0.056968625,0.016326179,-0.069780946,-0.036837361,-0.020996008,0.036987026,-0.014951631,0.006583758
"Neurotrophic.tyrosine.kinase",-0.001537126,0.08586353,0.001665441,0.090996164,0.004591155,-0.02530433,0.028358002,0.003644216,0.074172418,0.007572523,-0.031934527,-0.019513569
"Neurotrophins",-0.039338268,0.000805917,-0.060498281,-0.005627967,-0.042304013,-0.048316019,-0.050172459,-0.069646782,-0.044835902,-0.03779935,-0.0265526,-0.007331734
"Serotonin.Receptors.2",-0.091693263,-0.028937498,0.048541282,0.009954619,0.158653932,0.147826485,-0.08479097,-0.05606253,-0.04593409,0.01875266,-0.18000524,-0.12233375
"cytoskeleton.binding",0.14083022,0.10770326,0.19679933,0.1549348,0.07745953,0.13741846,0.07964533,-0.01092227,0.02531376,0.13439983,0.04929847,0.07059888
"SALMs",0.10043438,0.21520344,0.15435514,0.04276861,0.01908366,0.03706394,-0.023464579,0.074581026,0.008659771,0.007497427,0.024025546,-0.009079602
"Cav.α2δ",0.13570311,0.08984434,0.20520147,0.26174081,0.14440874,0.18240325,0.042673018,0.020033063,-0.003036371,0.171799371,0.154696433,0.215854258
"Cav.β",0.08144333,0.04454977,0.0397137,0.09489695,0.01727529,0.04620418,-0.01678541,0.03759841,-0.02155935,0.03202536,0.01725383,0.03466887
"Copines",0.1827494,0.1481722,0.1525587,0.1880064,0.1507233,0.2358575,0.1888496,0.1236982,0.1475263,0.191273,0.1471919,0.3153322
"Granins",0.10928789,0.10916218,0.08461948,0.19233323,0.26058979,0.32234711,0.1523238,0.2253658,0.224304,0.264542,0.2229609,0.2684195
"Glutamate_receptors._ionotropic",0.08949399,0.18824986,0.23607406,0.29821956,0.11776478,0.08651255,0.10489492,0.17825041,0.18962272,0.26321845,0.07646955,0.13060817
"Non.clustered_protocadherins",0.1589339,0.2283367,0.1841736,0.1025002,0.1022341,0.113346,0.11720407,0.20361225,0.12505764,0.15472064,0.06297911,0.16012617
"Protein_tyrosine_phosphatases._receptor_type",0.1108396,0.2067933,0.1660428,0.1076481,0.1044575,0.1443449,0.07457257,0.09652577,0.05122165,0.09472996,0.10121403,0.12779327
"Regulators_of_G.protein_signaling",0.18869473,0.17212593,0.10568762,0.14411112,0.01157866,0.11766693,0.06503213,0.08321788,0.05957747,0.1169905,0.05001086,0.11259464
"Gamma.aminobutyric_acid_.GABA._A_receptors",0.17908724,0.13451403,0.15987605,0.02392051,0.02406083,0.07745291,0.0867744268,0.0528411403,0.0386242284,-0.0008265565,0.0055002557,0.0574458086
"IgLON_cell_adhesion_molecules",0.17014563,0.13191968,0.0905095,0.03428178,0.04968216,0.13574463,0.153926111,0.152755549,-0.003004337,0.058554817,0.056249339,0.008496598
"Sulfotransferases._membrane.bound",0.09859486,0.08811284,0.0929454,0.08464146,0.10796028,0.14741922,0.10433367,0.19249917,0.09392016,0.10470343,0.01628937,0.09888032
"Glutamate_receptors._metabotropic",0.04326301,0.03029484,0.01108192,0.09664139,0.02805594,0.03198328,0.122296297,0.138645319,0.046483103,0.095015505,-0.004054857,0.018000143
"Sialyltransferases",0.020859686,0.0512733,0.046944873,0.026572867,0.048500654,0.007753173,-0.02278605,-0.010630053,-0.006860118,0.04481973,-0.025681229,-0.054363966
"Sodium_channels._voltage_gated",0.13077489,0.12270185,0.11410806,0.08161346,0.08462493,0.08458711,0.03660275,0.04352781,0.01173691,0.03704783,-0.04041176,0.03068583
"ADAM_metallopeptidases_with_thrombospondin_type_1_motif",-0.093301482,-0.097760731,-0.016073871,0.009575344,-0.089760514,-0.102510691,-0.085139203,-0.122836176,-0.117171401,0.009168105,-0.061912617,-0.107204314
"Mitochondrial_complex_IV._cytochrome_c_oxidase_subunits",0.05411361,0.10393758,0.0470917,0.04095293,-0.0170318,0.10520851,-0.07272405,-0.06779554,0.04280554,0.02488912,0.01016492,0.08459894
"S_ribosomal_proteins",0.12720073,0.06515738,0.03199606,0.02967112,-0.05241584,0.03151751,0.248592382,0.085200502,0.066132773,0.003382013,-0.01485756,0.034469464
"Parkinson_disease_associated_genes",0.148631266,0.20562341,0.068200337,-0.016522316,0.009961414,0.019478961,0.190058071,0.110979704,0.081853722,-0.050554803,-0.004764288,0.076263543
"Insulin.like_growth_factor_binding_proteins",0.01721935,-0.12245383,-0.16163631,-0.08865728,-0.13347969,-0.11366094,0.07179391,0.20582138,0.20936015,0.18238865,0.07638763,0.09679823
"Mitochondrial_complex_V._ATP_synthase_subunits",0.1819891044,0.146711627,0.0980626201,0.0790466623,0.0002327118,0.1142667167,0.091475477,0.039185771,0.051657241,0.063868495,-0.002008663,0.0045139
"X5..nucleotidases",-0.0634838937,-0.0001449106,0.0580294734,-0.0007039251,0.143477531,0.134798555,-0.028491638,-0.042519322,-0.037210065,0.004234608,-0.208501771,-0.138288385
"Wingless.type_MMTV_integration_site_family",-0.076584,-0.04960004,-0.08369848,-0.08550816,-0.11349767,-0.12740053,-0.09391652,-0.12451326,-0.14256606,-0.07490099,-0.07132033,-0.08837519
"Membrane.associated_guanylate_kinases",0.0816460315,-0.0009872149,0.0275004527,0.0447641826,0.0080719579,0.0115587654,-0.01076589,0.004026219,-0.005647342,0.015139313,-0.026951534,0.060472608
"Synaptotagmins",0.2999436,0.2600646,0.2678272,0.2864694,0.2256582,0.1749945,0.1890659,0.123221,0.1522743,0.2616041,0.2084748,0.2217704
"Shisa_family_members",0.03491407,0.08137587,0.10536268,0.04354634,0.05120754,0.07328252,-0.02212837,-0.02932817,0.03029433,0.02094204,0.00875627,-0.01101404
"Zinc_fingers._MATRIN.type",-0.044189826,-0.080277694,-0.033821161,0.013271953,-0.008242196,0.032548052,-0.044049879,-0.079158698,-0.05111916,-0.007857721,-0.038659337,-0.042579928
"Synaptotagmin.like_tandem_C2_proteins",0.02417166,0.07024125,0.10467645,0.06329389,0.03826197,0.01981442,-0.1121021,-0.09875625,-0.09739261,-0.08454809,-0.08490019,-0.16050196
"L_ribosomal_proteins",0.13692853,0.10115018,0.01822644,-0.02045936,-0.11049769,-0.01636897,0.22336849,0.05157746,-0.01360726,-0.06670037,-0.05322644,-0.00122547
"POU_class_homeoboxes_and_pseudogenes",-0.03315379,-0.01523198,-0.00905681,0.08596481,0.03389126,0.01282267,-0.13993145,-0.07335754,0.02623472,0.03639656,-0.09325535,-0.06636722
"Oxysterol_binding_proteins",0.023570027,0.044103749,0.038823194,0.050559889,-0.002787409,0.016503871,-0.010662668,0.051346834,0.005015498,0.049557678,-0.001850526,0.103512425
"Dyneins._cytoplasmic",0.09543572,0.1326114,0.12567048,0.02198537,0.08318913,0.13426586,0.019283792,-0.031677299,-0.049416536,0.009339738,-0.025238754,0.01136155
"Beta_4.glycosyltransferases",0.089452096,0.059680401,0.001316213,-0.006217256,0.00553514,0.057749339,0.045420479,-0.005278969,0.014460897,-0.036142359,-0.021811635,0.032238684
"A.kinase_anchoring_proteins",0.06832974,0.0325749,0.06063863,0.09494711,0.07979493,0.11442985,0.05225484,0.04498495,0.08988411,0.13973495,0.11454119,0.19202461
"Trinucleotide_repeat_containing",0.05650836,0.10451995,0.02643531,-0.01831385,0.03376029,0.04177519,0.004700496,0.00941,-0.020601908,-0.002115455,0.03297866,0.03474855
"Cyclins",0.02523269,-0.054567276,0.001846488,-0.010656708,0.049026599,0.107457587,-0.0354025032,-0.0212658844,-0.0545948462,0.0003087785,0.0506841094,0.103777919
"Serpin_peptidase_inhibitors",0.040948515,0.062838164,0.095973284,0.016108442,0.023913781,0.004450117,-0.08418095,-0.09036746,-0.1019245,-0.0893366,-0.06366867,-0.01311944
"X14.3.3_phospho.serine.phospho.threonine_binding_proteins",0.07712764,-0.0091263,0.06976929,0.10107201,0.01759971,0.1680766,0.051997303,-0.005006396,0.026506124,0.080822593,-0.024894203,0.029211049
"F.type_ATPase_.ATP_synthase_subunits.",0.16893142,0.14322952,0.08989197,0.08438049,0.01069542,0.11470993,0.1075318382,0.0373941333,0.0577605567,0.093238371,-0.0004653686,-0.0077872528
"Cholinergic_receptors._nicotinic_",-0.06876922,-0.04213944,-0.02399918,-0.02011792,-0.02302001,-0.08637785,-0.07059853,-0.08948838,-0.07444207,-0.14026686,-0.11015907,-0.09135063
"Kruppel.like_transcription_factors",0.08138116,0.09316621,0.09524166,0.0665523,0.02689332,0.03465854,-0.02258143,0.01738432,0.105245,0.06687907,0.05017883,0.05750205
"Myosin_binding_proteins",-0.06379841,-0.05586212,-0.07690524,-0.01368717,-0.03727475,-0.01220812,-0.06177418,-0.0742857,-0.08336161,-0.05717822,-0.05713182,-0.06653448
"Rho_family_GTPases",0.15339654,0.1254132,0.03244247,0.02484368,0.01709979,0.04827119,0.08704905,0.02502046,0.06121905,-3.202318e-05,0.01357052,-0.01056656
"Chemokine_ligands",-0.051433283,-0.009377769,-0.005501755,-0.001463897,0.01723964,0.088490103,-0.039965356,-0.081530761,-0.008268619,-0.041152608,-0.048591989,-0.02652522
"Anoctamins",-0.019299324,-0.056642154,-0.021580499,0.100132693,-0.035547381,0.008823458,-0.04115355,0.0126013,-0.11476467,0.08609321,0.02573438,0.08713599
"C2.set_domain_containing",0.08159568,0.04758365,0.06855054,0.05119036,0.03590483,0.02973493,0.079981622,0.061609756,0.008924615,-0.020565337,0.012378042,0.015964437
"Cadherin.related",0.10240505,0.09217573,0.0634152,0.03529691,0.05411596,0.02880754,0.026376424,0.030085241,0.047595176,0.054879674,-0.02586238,-0.002359302
"Mannosyl.glycoprotein_N.acetylglucosaminyltransferases",0.13064442,0.08102699,0.05722948,0.13517819,0.0742768,0.03285729,-0.004215014,0.023298804,0.055438834,0.165754067,-0.04197937,0.052787822
"Zinc_fingers._CXXC.type",0.047747289,0.031782528,-0.008409229,-0.023962147,-0.002181591,-0.048924549,0.025372412,-0.006925757,-0.002974297,-0.042675715,-0.0054881,0.015868316
"ATPase._H._transporting_subunits",0.064155108,0.058290649,0.004912911,-0.033848882,-0.009234458,0.037975349,0.115430737,-0.023231488,0.046273808,-0.061961921,0.002256701,0.005950964
"Polypeptide_N.acetylgalactosaminyltransferases",0.043949538,0.011863337,0.028217541,0.120642584,-0.019043712,-0.007624741,-0.008662619,0.029684842,-0.047212633,0.1096647,-0.054839383,0.02979545
"Vesicle_associated_membrane_proteins",0.057483477,0.056163127,0.007187212,-0.018382631,0.010300214,0.028134659,0.004564987,-0.032965698,0.020479917,-0.04934971,-0.033430198,-0.052284884
"ZF_class_homeoboxes_and_pseudogenes",0.3087743,0.2845377,0.277011,0.2659563,0.1827682,0.1479078,0.150036575,0.13217326,0.107582643,0.19839687,0.061678132,0.003897835
"Lectins._galactoside.binding",-0.054733031,-0.020564218,-0.026340504,0.011688584,-0.024146941,-0.004949309,-0.09286267,-0.11430779,-0.0925407,-0.12187629,-0.06053716,-0.06592023
"Phosphatidylinositol_transfer_proteins",0.032729078,0.007534805,0.019031548,0.038203021,0.059478668,0.130587536,0.02833703,-0.02005077,0.01802962,0.01394264,0.04002486,0.04396987
"Paraneoplastic_Ma_antigens",0.10694729,0.14681075,0.11756312,0.05048047,0.05170446,0.08852205,0.05777225,0.0315828,0.020996,0.02950892,0.09257473,0.08783586
"Integrin_subunits._alpha",-0.025284857,-0.01910003,-0.005720274,0.004900109,-0.059798965,-0.020637255,-0.08732231,-0.13998831,-0.14544141,-0.18250689,-0.12698179,-0.1580552
"StAR.related_lipid_transfer_domain_containing",0.003508608,-0.084944608,-0.006448275,-0.061620469,-0.008518829,0.04600699,-0.05468084,-0.09156229,-0.03378056,-0.08967021,-0.01372753,0.03740245
"Phosphoinositide_phosphatases",0.089469991,0.008269219,-0.008031795,-0.028354079,-0.025182269,-0.015312218,0.04498519,-0.003653966,-0.0457051,-0.075187577,0.030472366,0.086988985
"Progestin_and_adipoQ_receptor_family",0.05873591,0.07828806,0.09127662,0.02171174,0.10668689,0.038589,0.0334251512,0.0111620586,-0.0055359868,-0.0251784104,-0.0781629112,-0.0002547802
"Proprotein_convertase_subtilisin.kexin",-0.06005592,-0.03706022,-0.01189475,0.02108468,-0.0106766,0.04010135,-0.079519175,-0.035971074,0.006574303,0.137835115,0.063863633,0.134128242
"Tetraspanins",0.048273368,0.015054824,0.073818582,0.008377823,-0.023622853,0.015827819,0.08045329,0.09318456,0.01088362,-0.02859434,-0.04849981,0.10829931
"Oligosaccharyltransferase_complex",0.011543585,0.027573936,0.034793569,-0.027527715,0.002026084,0.008334714,0.04168331,-0.06018292,0.01531447,-0.03001927,0.02351243,0.07873562
"SAGA_complex",0.05365775,-0.05771162,-0.00782889,-0.01662701,-0.06953494,0.01639999,-0.006437354,-0.042869204,-0.025315091,-0.064312598,-0.037089514,-0.008200816
"NADH.ubiquinone_oxidoreductase_supernumerary_subunits",0.12842576,0.060354023,0.037234022,0.004725544,0.025879343,0.031886134,0.1214505181,-0.0001653025,0.0455811154,0.0448493088,-0.012794983,0.0329601899
"Acyl.CoA_synthetase_family",0.051712985,0.057338042,0.009151124,-0.030011725,0.006160822,0.014515912,0.042832232,0.024004461,-0.049766166,-0.05525857,0.006036222,0.022537482
"Transient_receptor_potential_cation_channels",0.05792485,0.04363286,0.13451046,0.09967374,0.08806374,0.18723227,-0.04461573,-0.0197526,-0.05592566,0.07698228,-0.04846053,0.04996538
"Coronins",0.0003421398,0.0318971798,0.069449417,0.0145846361,0.0581359859,0.0290449007,-0.042870112,-0.042295696,-0.004203399,-0.049301787,0.041716002,0.020755953
"ADP_ribosylation_factor_GTPase_family",0.07841446,0.03981808,0.07888478,0.08580744,0.03712303,0.08285264,0.05220737,0.07495425,0.0340453,0.01261966,-0.02583406,0.0450484
"X.linked_mental_retardation",0.10627487,0.12382082,0.12041736,0.03440591,0.07012069,0.04393263,0.13167714,0.13266065,0.02138949,0.02889527,0.07032963,0.15166462
"Blood_group_antigens",0.022739,0.0253941,0.07111699,0.05528987,0.0826484,0.09413105,-0.00802136,-0.007177659,-0.072292134,-0.04050633,0.001458179,0.003252648
"BEN_domain_containing",0.0414178141,0.0350457556,0.0379192111,-0.0005013927,0.0606614703,0.142349578,0.005434083,-0.0557504719,-0.0072434829,-0.0664047287,-0.0003944706,0.112115802
"Protein_arginine_methyltransferases",0.010760105,0.037725385,0.006698075,0.04287237,0.003786851,-0.010532391,0.03854342,-0.0687673,-0.01860621,0.03530436,0.05371053,0.06642744
"DENN.MADD_domain_containing",-0.026167676,0.024673884,-0.065996602,-0.016456986,-0.006344739,0.025686194,-0.045856442,0.020849828,-0.01000164,0.005946115,0.010688451,0.039876419
"Sp_transcription_factors",-0.08472092,-0.09841527,-0.09833735,-0.04418312,-0.0568938,-0.05705352,0.06168116,-0.08461184,0.04431655,-0.01250549,-0.00389569,-0.0376974
"Beta_3.glycosyltransferases",0.0456608,-0.01289471,0.01137362,-0.02079497,0.06242885,0.00508267,0.020354181,0.019297991,0.061934715,-0.01211598,-0.049015194,-0.005175951
"X1.acylglycerol.3.phosphate_O.acyltransferases",0.09190344,0.05208847,0.0354872,0.02155036,0.05166182,0.00923627,0.09297391,0.02288834,0.01991244,0.03142682,0.03679013,0.05263689
"Bardet.Biedl_syndrome_associated",0.096623505,0.023045329,-0.036875521,-0.035115888,0.006693601,0.014624462,0.04692424,0.02684544,-0.06187572,-0.05066981,0.02887495,-0.02164492
"ArfGAPs",0.084346671,0.053720781,-0.001392747,-0.017490983,0.026205411,-0.024914536,0.079812797,0.042635049,-0.008999657,-0.038961049,-0.013379055,-0.007170584
"Small_heat_shock_proteins",0.055345159,0.040449516,-0.017822581,0.005050338,-0.010847144,0.026646544,0.00551072,-0.04920857,-0.06051581,-0.02910561,-0.01908271,-0.0437312
"HAUS_augmin.like_complex_",0.0225116188,-0.0009970477,0.0098448282,-0.0172796571,-0.0206912209,-0.0740601673,-0.03414914,-0.05410865,-0.01025579,-0.11071412,-0.08127498,-0.07479717
"ATP_binding_cassette_subfamily_A",-0.004968207,0.005669122,0.05461755,-0.042059716,0.004165831,-0.01649957,-0.02889304,-0.02898901,-0.08773595,-0.08030327,-0.07025992,-0.07424332
"Calpains",-0.018950375,0.000258065,0.025458289,0.010704989,0.009530991,-0.014798224,-0.02622459,-0.02283247,-0.08312204,-0.07477556,-0.10087856,-0.08213977
"Aquaporins",-0.057494569,-0.043773642,-0.015561522,0.007700693,-0.02675816,-0.019120551,-0.05253199,-0.06858222,-0.08541227,-0.06867093,-0.05766469,-0.05540053
"Low_density_lipoprotein_receptors",0.064858434,0.047047362,-0.02165441,0.006109781,-0.018138308,-0.034348966,0.101991427,-0.014481806,-0.037962815,-0.027710964,-0.034647887,0.009819829
"ATAC_complex",0.041532926,-0.0053336929,-0.0221905201,-0.0204951935,0.0004396638,0.0534054318,-0.005043273,0.002992454,-0.092379809,-0.051256975,-0.002365875,-0.006115046
"Carbonic_anhydrases",0.002752776,0.068337474,0.052610618,0.049880372,0.054616306,0.074581472,-0.021656846,-0.078874963,-0.019940156,-0.005414999,-0.083202043,-0.057834762
"Kelch.like",-0.010153461,0.001045227,0.065731474,-0.030371401,0.037626916,0.028849999,0.0344494053,0.0004175598,-0.0273701704,-0.0113469769,0.0458095441,-0.0155539687
"Abhydrolase_domain_containing",0.053227443,0.003095753,0.028137399,-0.043610524,-0.003534624,-0.023740189,0.055783199,0.039870907,-0.030119717,-0.06359819,-0.006980722,-0.044215711
"Collagen_proteoglycans",0.040877363,0.06371444,0.117558795,0.104787486,-0.017528294,-0.005848508,-0.06832037,-0.11442721,-0.16688452,-0.09444791,-0.07663034,-0.09160294
"YIP_family",0.08799386,0.02515047,0.06605751,0.06018374,0.03318786,0.03644007,0.0661605894,0.0091722225,0.0008237864,-0.0103669699,0.0468201157,-0.0003398989
"Fatty_acid_binding_protein_family",0.21780028,0.20131754,0.11699771,0.01889131,0.05536873,0.11945151,0.209347358,0.049875043,0.026566098,-0.005674178,-0.060127887,0.029824102
"C2_domain_containing",0.07520578,0.08053539,0.05049813,0.0418672,0.03239128,0.07225557,0.0416103978,-0.0007704971,-0.0933556088,0.019699942,0.0031581276,0.0494803319
"Peroxiredoxins",0.081241788,0.064977298,0.003569098,0.054828999,0.005631255,0.044455163,0.059408254,-0.059108171,-0.036366251,-0.008126626,0.032506959,0.043640099
"RNA_polymerase_subunits",0.0007559998,-0.0264955929,-0.0730146046,-0.0638613219,-0.0868456108,-0.09613695,-0.01556785,-0.03786461,-0.06709999,-0.10703312,-0.07042903,-0.0575129
"Aminoacyl_tRNA_synthetases._Class_I",0.01953159,0.04677216,-9.198914e-05,-0.05149305,-0.01435155,-0.00628414,0.080238816,0.003693753,0.002149378,-0.089951861,0.013297645,-0.043776457
"Fibrinogen_C_domain_containing",-0.01385638,-0.04532991,-0.05549644,-0.02816664,-0.1284822,-0.1047848,-0.01136106,-0.03146411,-0.11679812,-0.07006257,-0.03178772,-0.06328371
"Plexins",0.11912613,0.13692944,0.15084834,0.03708024,0.07179566,-0.01094335,0.01868699,0.03364873,0.0779605,0.02567907,-0.02349944,0.03161452
"Atypical_dual_specificity_phosphatases",0.079859111,0.029090546,0.047426132,0.004151656,0.072651131,0.032918074,-0.007291754,0.024116392,-0.020551842,-0.002732959,0.075857805,0.040508463
"COP9_signalosome_",-0.06263434,-0.03513259,-0.06574173,-0.03618294,0.01288977,-0.0196231,-0.02217246,-0.07697227,-0.0715009,-0.09183991,0.02285469,-0.02120374
"Tubulins",0.05890387,0.13832645,0.01083433,0.08303541,0.07120162,0.09026255,0.18206874,0.03205243,0.05703619,0.04084983,0.06182143,0.02760194
"MCM_family",-0.06800291,-0.0260322,-0.08309171,-0.05960272,-0.08591704,-0.10808056,-0.0839080252,-0.1231178733,-0.0727622383,-0.0945124487,-0.0530170278,-0.0002992881
"VPS9_domain_containing",-0.004401292,0.017235902,-0.025473858,-0.012601634,-0.019950137,-0.062490485,-0.070348263,0.018845103,0.03052992,-0.004940214,-0.027812804,-0.02431688
"Aldo.keto_reductases",0.042657729,0.029304567,0.034205139,0.013241994,-0.009291058,-0.028482336,-0.03118194,-0.06242613,-0.03874955,-0.04760607,-0.01046804,-0.01352357
"BRICHOS_domain_containing",0.034478571,0.060422105,0.038440108,-0.008114488,0.012627842,-0.014416469,0.03627316,0.07324486,0.03581769,0.07403134,0.14592532,0.09572421
"Helix.turn.helix_ETS_type_domain_containing",-0.09299344,-0.10567304,-0.03520798,-0.04954884,-0.05468283,0.05441396,-0.04340482,-0.05802435,-0.07397715,-0.06714469,0.03391164,0.09076747
"X5.hydroxytryptamine_.serotonin._receptors._ionotropic_",0.014321712,-0.008595928,-0.005160446,0.071983149,0.017003808,0.022865844,0.050177474,0.019502367,0.026674928,0.019861717,0.031317871,0.004282369
"Cyclin.dependent_kinases",0.03501275,0.11984287,0.20892918,0.12639583,0.09064174,0.16079368,0.06395421,0.01577791,0.03151124,0.06982336,0.05415326,0.07444188
"ADAMTS.like",-0.0502897904,0.0006278851,0.0011448784,-0.0259789454,-0.0315266074,-0.0763078897,-0.07552097,-0.04107261,-0.05612012,0.07481522,-0.06147004,-0.04851244
"SRY_.sex_determining_region_Y..boxes",0.19722279,0.19313571,0.1924532,0.24027477,0.03245893,0.05701242,0.2105307,0.225423,0.2534133,0.2797204,0.2550385,0.2203898
"Glypicans",-0.04105374,-0.059028511,-0.021679205,0.032885691,-0.011183516,-0.007334658,-0.05267942,-0.06404446,-0.03088038,0.1046885,-0.01577005,-0.0680861
"Zinc_fingers._CCHC.type",0.1030714809,0.1686310847,0.0964049763,-0.0278341975,0.0003781829,0.0609755427,0.071700221,0.016191495,-0.002168871,-0.081269603,0.006246462,0.037856974
"Protein_phosphatases._catalytic_subunits",0.005759266,-0.001141843,-0.016290286,-0.054125488,-0.045906884,0.006576359,0.04984367,0.01515159,-0.05800217,-0.04080019,-0.0143459,-0.04804969
"Zinc_fingers._MIZ.type",0.008462721,-0.040510531,-0.023143142,-0.007324698,0.013373687,0.011761814,-0.0358369051,-0.0246390949,-0.0577998974,-0.0004373037,0.0109193207,0.0090272542
"Protein_phosphatase_2_regulatory_subunits",0.1715798469,0.1974231787,0.0746871314,0.020405936,-0.0008242472,0.0044354118,0.096585873,0.138229497,-0.009154491,0.005859397,-0.062634217,0.050556389
"Adenylate_kinases",0.01675962,-0.0281286,0.07644693,0.04207889,0.05948868,0.04555261,0.02178134,0.02595816,0.02685983,0.03274872,0.02961079,0.05232675
"Mitochondrial_complex_III._ubiquinol.cytochrome_c_reductase_complex_subunits",0.03992153,0.09201468,-0.02315231,-0.04746791,-0.01486408,-0.03703224,0.025747197,-0.084835706,0.009721323,-0.072466107,-0.005621092,-0.018849527
"MAGE_family",0.06657749,0.08668733,0.01881072,-0.03283097,-0.05397439,0.0124448,0.04376778,0.01308532,0.03669306,-0.04397867,0.01256246,-0.01540358
"ADAM_metallopeptidase_domain_containing",0.0328354139,-0.0281201291,0.0008621851,0.0032108641,0.0095599807,-0.0219574565,0.05685958,0.03391486,-0.01874765,-0.01857208,-0.02953468,-0.01967969
"Mitochondrial_respiratory_chain_complex_assembly_factors",0.021092226,0.049058578,-0.030293165,-0.035420776,0.005946815,-0.0246808,-0.069422024,-0.060913207,-0.045680041,-0.03398609,-0.007480834,-0.065422516
"Autophagy_related",0.07939091,-0.00942362,-0.04955816,-0.09546448,-0.05804717,-0.08130523,0.097901564,0.005087405,-0.001933031,-0.096668492,0.002989638,0.011699931
"Sorting_nexins",0.032723851,-0.019114998,0.016284641,0.002744129,-0.046280292,0.027169562,0.093962547,-0.05026441,-0.035013864,-0.006150432,0.027744064,0.012426957
"XK._Kell_blood_group_complex_subunit.related_family",-0.0082223133,-0.0847455951,-0.0723994305,0.023740829,-0.0001270498,0.0136044711,0.007017925,-0.021697199,-0.051989583,-0.033942734,-0.054760482,-0.053287443
"Laminin_subunits",-0.069978186,-0.066227991,-0.062986662,-0.001181584,-0.037575067,-0.064017978,-0.05012529,-0.06188759,-0.10677564,-0.06974411,-0.11914512,-0.10535101
"SNAP_complex_",-0.03297326,-0.02772859,-0.06509557,0.03105059,0.04410766,0.02378687,0.013409516,-0.031365079,-0.010728808,-0.032281022,0.006449334,-0.022819171
"TALE_class_homeboxes_and_pseudogenes",0.1252742,0.1029551,0.09748143,0.16056494,0.024885,0.01940528,0.17072632,0.09304063,0.06755382,0.09055956,-0.01639645,0.03043415
"MAP_kinase_phosphatases",0.001609246,0.008067135,0.049071339,0.018973136,-0.005647259,-0.042036234,-0.006016237,-0.057988115,-0.022547624,-0.04624746,-0.034219073,-0.011438536
"mitogen.activated_protein_kinase.activated_protein_kinases",-0.00878684,0.004578845,-0.008790697,0.043293118,-0.017773585,-0.008206576,0.0483680225,-0.0153929275,0.0057899813,0.0321478588,0.0001670741,0.1643349795
"Aminopeptidases",0.012774235,0.015584394,-0.023394765,-0.04526323,0.004609626,-0.056368796,-0.03264446,-0.04967674,-0.07281067,-0.08637086,-0.02901656,-0.03386696
"Ataxins",0.01154574,-0.02502854,-0.0274883,0.08959805,0.08787708,0.0291839,0.02526837,0.01597439,0.08531103,0.12211196,0.01630829,0.08829467
"Actin_related_protein_2.3_complex_",0.02855285,0.107624227,-0.005903373,-0.054077497,0.007597627,0.051677368,0.01676698,-0.045222864,-0.004686607,-0.007882151,-0.007178114,0.088043377
"Transmembrane_p24_trafficking_proteins",0.039340251,-0.002941646,-0.002540967,-0.040024707,0.023793229,-0.01096418,0.038223852,0.0004012899,-0.0158011301,-0.0851614519,0.006799467,-0.0469587987
"Chromobox_family",0.046196548,0.105850343,0.024986083,-0.013705853,-0.018140265,-0.009000522,0.0007019916,-0.038996404,0.0381708518,-0.0404853455,0.0334631063,0.0102105317
"Zinc_fingers._ZZ.type",0.056797519,0.008192777,0.006838965,0.016911128,0.020284258,0.070512078,0.05785522,0.06880525,0.04746633,0.07355351,0.08487605,0.20962392
"Glycosyltransferase_family_8",-0.016709604,-0.042504923,-0.014895284,0.001138472,-0.046572853,-0.028927575,-0.03192322,-0.046234834,-0.004305195,-0.04143376,-0.041915029,-0.063417221
"Adrenoceptors",-0.033292728,0.009462186,0.026603983,0.066462157,0.024462813,0.020052917,-0.048336,-0.1423619,-0.1395203,-0.1036551,-0.1230327,-0.1833291
"S100_calcium_binding_proteins",0.02765852,0.04342897,0.03363167,0.01025496,-0.0228451,-0.04041748,-0.1144938,-0.1548854,-0.1709761,-0.1474347,-0.1702473,-0.1690754
"GRAM_domain_containing",0.005639957,-0.003956682,-0.049573021,-0.03282819,0.013381695,0.004904837,-0.0514433,-0.01424688,-0.02030434,-0.01480065,-0.05188847,-0.06049209
"General_transcription_factors",-0.006063329,-0.006467979,-0.053104466,-0.11378445,-0.048061497,-0.096412196,-0.06450916,-0.02370639,-0.06740251,-0.14415675,-0.06982723,-0.03899
"NME.NM23_family",0.028215159,0.004918349,0.049399205,0.029439706,0.020414362,0.07470457,0.007838089,-0.006312353,-0.012078417,-0.025362096,0.003835871,-0.034172784
"Ubiquitin.conjugating_enzymes_E2",0.056005981,-0.003036989,0.041627017,0.006436525,-0.027049386,-0.003918791,0.0602204,-0.0322355,-0.0374396,-0.02749369,-0.01335543,0.0499036
"Phosphatidylinositol_3.kinase_subunits",0.021910466,-0.062006892,-0.031889218,-0.008971651,0.023124162,0.017687295,-0.08593574,-0.03506143,-0.08303643,-0.08355056,-0.05357256,-0.04598814
"MAX_dimerization_proteins",0.015918949,0.029558718,0.053422275,0.040618746,0.001758361,0.026485645,-0.006240849,-0.063207171,-0.017310316,-0.061879854,0.005985836,0.002080091
"Mediator_complex",0.03218201,0.01031834,0.03825338,-0.03419417,-0.02501772,0.03965764,-0.0251191234,-0.0266740979,0.0007251479,-0.0142493385,-0.0006382489,-0.0443496421
"Zinc_fingers._DHHC.type",0.07364309,0.01294225,0.03984107,0.02711264,0.02325909,0.11539276,0.012314079,0.068154638,-0.003457081,-0.029169168,-0.004518546,0.031598815
"Zinc_fingers._C2HC.type",0.01479973,0.04497334,0.00600307,0.04871737,-0.05458651,0.0161215,0.0447382,0.023405326,-0.041560901,0.000923668,-0.026377083,-0.022522649
"GATA_zinc_finger_domain_containing",-0.010878158,-0.013209581,-0.023072799,-0.005153975,0.055514997,-0.013755092,0.004161323,-0.008036728,-0.015007543,-0.061507394,0.002652895,0.067082879
"Myosin_light_chains",-0.06891144,0.02111087,-0.0345745,-0.05842297,-0.02992541,-0.09379717,-0.017739703,-0.072923743,0.009380248,-0.052659641,-0.022124172,-0.005690228
"AT.rich_interaction_domain_containing",0.04439661,0.03291554,0.09267544,0.03502641,0.02062083,-0.0228872,-0.038966349,-0.014641184,0.005468803,0.041225235,0.048253302,-0.001398735
"Polymerases._DNA.directed",0.02400384,-0.05137228,-0.07120414,-0.03520002,-0.02433421,0.03271008,0.08585724,0.01843018,0.02320791,-0.05319843,-0.0297056,-0.01304321
"Gelsolin.villins",-0.02974391,-0.01401494,-0.02216633,-0.01199288,-0.06771423,-0.07598173,-0.08016219,-0.13856604,-0.13035966,-0.12233664,-0.07785812,-0.13743042
"Zinc_fingers._FYVE.type",0.002892043,-0.042339389,-0.050788739,-0.062007002,-0.091107838,-0.023769624,0.02539444,0.01392111,-0.03157449,-0.05418389,-0.06891384,-0.050661
"Myosins._heavy_chain",-0.05086483,-0.05594185,-0.04407578,0.01330264,-0.04819878,-0.08116679,0.073804733,0.006589432,0.035530923,0.050998316,-0.047242179,-0.042221535
"Sirtuins",0.052095221,0.018603776,0.01873418,-0.005767079,-0.02538633,-0.027058814,-0.043124204,-0.03640742,-0.019100984,-0.084716233,-0.009298251,-0.045397137
"ATP_binding_cassette_subfamily_C",-0.030737045,-0.052151695,-0.007387251,-0.052741109,-0.056588635,-0.044046975,-0.02012221,-0.027926,-0.09108537,-0.08432209,-0.0479419,-0.05850012
"G_protein.coupled_receptors._Class_C_orphans",-0.06529124,-0.0625789,-0.07590369,0.05838678,0.04596353,0.04137134,-0.06047645,-0.11621808,-0.11597613,-0.12791507,-0.11022562,-0.18527362
"Suppressors_of_cytokine_signaling",-0.03700586,-0.03722711,-0.01287469,-0.02631919,-0.00851933,-0.01467874,-0.09606759,-0.10825456,-0.03898741,-0.0538867,-0.0497485,-0.06513573
"CUT_class_homeoboxes_and_pseudogenes",-0.04410644,-0.04108391,-0.01861853,0.07969235,-0.01722897,-0.00694333,-0.11240649,-0.08813002,-0.1411717,-0.15305104,-0.10581855,-0.15487142
"C1.set_domain_containing",-0.061266242,-0.059958585,0.052181927,-0.007979316,0.019082421,0.016050702,-0.04900184,-0.03964804,-0.02036839,-0.01388146,-0.05604692,-0.05720954
"Membrane_bound_O.acyltransferases",-0.018304645,-0.011743425,0.054099201,0.00490699,0.061537805,0.004495239,-0.04801556,-0.04288735,-0.02047922,-0.08602816,-0.0664181,-0.07343965
"Intraflagellar_transport_proteins",0.066047899,0.037701364,-0.04434286,-0.021673316,0.005563698,-0.054369684,0.036453514,0.047176356,-0.005581735,-0.035828394,-0.014487183,0.013697547
"ATP_binding_cassette_subfamily_G",-0.04007734,-0.04392239,-0.01700127,0.02678192,-0.02012851,0.01301235,-0.04904666,-0.05482438,-0.07469371,-0.06811758,-0.02906108,-0.06369547
"CCR4.NOT_transcription_complex",-0.011191654,-0.005248032,0.010823497,-0.072448502,0.031645874,0.022385924,0.02203029,-0.01711845,-0.01488917,-0.06101413,-0.01459794,0.06733532
"Cytochrome_P450_family_2",-0.04260326,-0.03474124,-0.0170226,0.02550707,-0.01396151,-0.01378908,-0.04737495,-0.06206177,-0.08489862,-0.07511015,-0.06257026,-0.09175126
"Tumor_necrosis_factor_receptor_superfamily",-0.07423501,-0.08361816,-0.05640576,-0.0487327,-0.0316451,-0.07119181,-0.10390094,-0.089003,-0.11034797,-0.14465318,-0.09424378,-0.04746526
"Lipases",-0.016486259,0.008240793,-0.014362203,0.011929876,-0.06941831,-0.091763604,-0.012767,-0.01723515,-0.08348721,-0.0464213,-0.10403214,-0.08146543
"Chaperonins",0.04328111,0.08864398,-0.04041087,-0.04064789,-0.07138654,-0.03226483,-0.003849774,-0.05397494,0.058259153,-0.065378634,0.011309725,-0.027207309
"Protein_phosphatases._Mg2..Mn2._dependent",0.070078124,-0.041221683,0.004032609,0.094579994,0.093904672,0.104581612,0.025993414,0.032566679,-0.007113617,0.04373489,0.062701978,0.101400262
"Sideroflexins",0.0022641984,-0.0205609203,0.0094132906,0.0528654763,0.0262405085,0.0002675344,-0.05973349,-0.04796869,-0.0465214,-0.03473712,-0.01778299,-0.02643928
"Mitogen.activated_protein_kinases",0.08935609,0.07411075,0.09840464,0.02797338,0.0159573,-0.05506888,-0.0261199379,0.0149415431,-0.1022175972,-0.0380128737,0.04032539,-0.0005928329
"Patatin.like_phospholipase_domain_containing",-0.03980869,-0.03025762,0.03557541,-0.02533859,-0.01549663,-0.01562117,-0.08050049,-0.09168294,-0.05726947,-0.06679282,-0.02672947,-0.03031188
"Ubiquitin_protein_ligase_E3_component_n.recognins",0.04746646,0.03641173,-0.01575624,-0.03770106,0.03832752,0.04826961,-0.058432484,-0.04590584,-0.045580557,-0.066644531,-0.002805397,0.016889679
"Heat_shock_70kDa_proteins",0.08117333,0.05043449,0.09892479,0.01856225,0.11178791,0.0923149,0.044683255,-0.021227307,0.017620459,-0.015339676,-0.003620796,0.050526118
"Interleukins",-0.02177243,-0.03300868,-0.06551602,-0.01869051,-0.08134572,-0.1101432,-0.10096824,-0.07255786,-0.06836192,-0.09407104,-0.06482331,-0.08092522
"CYR61.CTGF.NOV_matricellular_proteins",-0.06346984,-0.05535884,-0.08941831,-0.0167235,-0.06034039,-0.05244006,-0.06047645,-0.08565589,-0.05154204,-0.0560102,-0.02355046,-0.03581427
"Zinc_fingers._MYND.type",0.08843127,0.12411908,0.13224965,0.07929915,0.05745468,0.05589289,0.07448969,0.03838739,0.02418758,-0.01689497,0.03150389,0.04939675
"NLR_family",-0.07219337,-0.02514989,-0.08823293,-0.07712156,-0.07320262,-0.06442115,-0.06456187,-0.09685584,-0.0385882,-0.08552755,-0.05571249,-0.07947068
"Histones",0.117115151,0.052060536,-0.035689003,-0.136109245,-0.049302295,-0.001744318,0.10862767,0.002373711,0.075461288,-0.115816983,0.041338197,-0.009149948
"Exocyst_complex",0.0426601927,0.0817411813,-0.0513643431,0.0009177929,0.0564271998,0.0101768547,0.0155799881,0.0016063206,0.0399554311,-0.0003793181,0.0403990528,0.0627952291
"MADS_box_family",-0.04325807,-0.10875709,-0.04347433,0.02774944,-0.02569254,-0.01288502,-0.05360204,0.04158442,-0.01740056,0.05809572,0.06800279,0.06698179
"DNA_glycosylases",-0.01151165,0.0320962,-0.01171056,-0.0311496,-0.03144976,-0.01887994,0.006630501,-0.019202179,-0.02853297,-0.092266493,-0.041129539,-0.080511957
"Matrix_metallopeptidases",-0.016582136,-0.050110818,-0.003071164,-0.026481782,-0.022227764,-0.090115683,-0.0421943,-0.01989348,-0.07401097,-0.05520394,-0.10604361,-0.09190848
"Gap_junction_proteins",-0.0215116,-0.01202006,0.01872801,-0.02279601,-0.01327267,-0.07095851,-0.05872788,-0.05964725,-0.10027942,-0.12293053,-0.12453861,-0.10447094
"Anaphase_promoting_complex_",0.031508385,-0.015333061,-0.030403778,-0.031206315,-0.004838569,-0.010944857,-0.017582209,-0.120636382,-0.050009768,-0.089895717,-0.003686243,-0.026899074
"ESCRT.I",0.0072580552,0.0561211255,0.0006543879,0.0134473869,0.0121075909,-0.0259997209,0.01648519,-0.058685408,-0.043934302,-0.007625781,0.009701453,-0.035208867
"Membrane.spanning_4.domains",-0.0560869,-0.07677045,-0.18160373,-0.07590233,-0.07737708,-0.08820624,-0.008852791,-0.045311447,0.010757933,0.006782003,-0.052316157,-0.057292598
"C2_domain_containing_protein_kinases",0.1302941,0.1481601,0.1655921,0.0422027,0.1055891,0.1071217,0.09998247,0.04493594,0.07276508,0.03301841,0.16316726,0.22769936
"Zinc_fingers._SWIM.type",-0.0430223281,-0.049941905,-0.0489218422,0.0001111984,-0.0572742955,-0.0177491868,-0.002249735,-0.062638804,-0.065038058,0.059094787,-0.02473461,-0.060065116
"Coiled.coil.helix.coiled.coil.helix_domain_containing",0.100351919,0.112394662,0.002036448,0.063247172,0.030560594,0.066801715,0.06295981,0.02960133,0.06162152,0.06394366,0.02632481,0.01747273
"BCL2_family",0.015084276,-0.02291479,0.02392922,0.051223981,-0.008341503,0.066361219,-0.04141183,-0.04132914,-0.05218852,0.02337135,0.03248793,0.09839467
"C2_tensin.type_domain_containing",0.0113244415,-0.0016647567,0.0960958989,0.0002539337,0.0623853058,0.0321931647,-0.0142565013,0.0283283031,-0.0255559091,0.0001415089,-0.0138931204,0.0378234065
"THO_complex",0.030946283,0.007792485,0.051106555,0.081481135,0.070731552,0.050015116,0.005312671,-0.024098545,-0.002475625,-0.005399778,-0.043296409,-0.042330693
"Lipocalins",-0.066964561,-0.056459149,-0.096428833,-0.02468106,-0.058515365,0.003860895,-0.06047645,-0.08565589,-0.06848199,-0.04724267,-0.057541,-0.11956953
"LIM_class_homeoboxes",0.19091557,0.17897441,0.15039337,0.14880876,0.06177889,0.03118218,-0.2297623,-0.2083493,-0.2479023,-0.2796784,-0.1873386,-0.1818296
"Claudins",-0.05340888,-0.08747816,-0.07498053,-0.06759362,-0.08803722,-0.0620872,-0.07655907,-0.09797162,-0.05425177,-0.0609303,-0.08633976,-0.08519883
"Cyclophilin_peptidylprolyl_isomerases",-0.01093112,0.01065749,-0.05017771,-0.04529308,-0.06413461,-0.02894441,-0.01880837,-0.06085226,-0.0570244,-0.08076717,-0.02383268,-0.04098371
"Chemokine_.C.X.C_motif._receptors",-0.07907721,-0.03834435,-0.10427773,-0.03113683,-0.06388661,-0.05255558,-0.04425658,-0.05742065,-0.05367733,-0.02039397,-0.04067429,-0.03321287
"FKBP_prolyl_isomerases",0.101437797,0.09461922,0.085835076,0.054475049,0.001192567,0.02844277,0.08374061,0.0125681,-0.01727741,0.01580613,0.04019917,0.07093733
"Myosins._class_I",-0.045836995,-0.045000743,-0.076588042,0.001734617,-0.028301993,-0.058980177,-0.08880034,-0.17533781,-0.10615352,-0.14478758,-0.10662549,-0.13695029
"HAD_Asp.based_non.protein_phosphatases",0.0785972,0.09589711,0.06959215,0.01435658,0.01006349,0.04991126,0.08832954,0.03831961,0.03400468,-0.02051517,0.05895091,0.11566908
"Poly.ADP.ribose._polymerases",0.04152458,-0.01567687,-0.02474041,0.02157191,-0.00619464,0.03354104,0.0040974031,0.0051008028,-0.0006371758,0.0234079269,-0.0176922344,0.0357207279
"Ubiquitin.like_activating_enzymes",0.008674858,-0.017279566,-0.005685717,-0.035898529,0.066822591,0.031898554,0.015438984,-0.025163754,-0.049553702,-0.036119737,-0.009784944,0.033550562
"Death_effector_domain_containing",-0.002203775,-0.022968433,0.05290117,-0.017512292,-0.044777142,-0.043139881,-0.029663752,0.018388869,-0.001577532,-0.007925466,0.048554878,0.004301273
"Zinc_fingers._AN1.type",0.05187937,0.041873411,0.028011773,0.005398727,0.035785754,-0.014330909,-0.01550592,-0.064776455,0.005711042,0.017682742,0.027783437,-0.009826572
"Collectins",-0.034774144,-0.011624238,-0.066149923,-0.009637792,-0.046445583,-0.030802972,-0.033362702,-0.042872234,-0.037282841,-0.005455434,-0.043182979,-0.013754426
"Eukaryotic_translation_initiation_factor_3",0.004911436,0.044346802,-0.028047003,-0.021497056,-0.06684343,-0.021493472,0.038803579,-0.075315416,0.005333923,-0.032730941,-0.05000016,0.036049548
"F.boxes_other",0.0315192311,0.0006103855,0.0185735996,-0.05995195,0.0139617622,-0.0333084825,0.04153688,-0.00569204,-0.04474438,-0.08035017,0.01366347,-0.01971993
"N.terminal_EF.hand_calcium_binding_proteins",0.04941439,0.02686165,-0.00608875,-0.04849847,0.03357062,-0.01929725,0.0701081512,-0.0157542354,-0.020434531,-0.0308364193,-0.0009236293,-0.0433379588
"Trafficking_protein_particle_complex",0.0001388808,0.0257423652,-0.0120300921,-0.0561528555,0.0200165208,-0.019969122,0.04519741,-0.04105468,0.03156207,-0.0385216,-0.06539958,0.03776774
"Protein_tyrosine_phosphatases._non.receptor_type",-0.007082448,-0.010307046,-0.040953634,-0.045762865,-0.05166014,-0.008345287,0.001035989,0.02987881,0.02197201,-0.039132182,-0.023143975,-0.045730703
"Nudix_hydrolase_family",0.010745255,0.002998972,-0.015703034,-0.030741447,0.029959781,0.053794666,0.0814796735,0.0235120799,-0.0009891555,-0.0246676221,-0.0168471799,0.0702570561
"La_ribonucleoprotein_domain_containing",0.04574741,0.03665503,0.01948526,0.04322011,0.08564716,0.0429206,0.017791208,0.020012513,-0.07491689,-0.007372916,0.015093048,0.010767307
"Exostosin_glycosyltransferase_family",-0.01241589,-0.03822032,0.04183581,0.10174263,-0.0106888,0.04627798,0.021826931,0.00698242,-0.013032715,0.049989434,0.048316376,-0.002133888
"methyl.CpG_binding_domain_containing",0.01872494,0.052504929,-0.049271716,-0.050667979,-0.005305455,-0.026554275,-0.007555638,-0.050863095,-0.048707183,-0.059342986,-0.020322978,-0.037923073
"TNF_receptor_associated_factors",-0.0273687906,-0.0686331742,-0.0266881373,0.0224851218,-0.018713294,-0.0004915245,-0.035364015,-0.008611102,-0.045775038,-0.034791005,-0.031862526,-0.086524867
"Dynactin",-0.015282819,-0.033567045,-0.051750363,-0.007101139,0.020194221,-0.027259631,-0.01997405,-0.05905384,-0.03076117,-0.07095542,0.03909433,0.01547734
"G_protein.coupled_receptors._Class_F_frizzled",-0.056526,-0.05326033,-0.07726187,-0.0764979,0.03495195,-0.05799072,-0.07113125,-0.077512533,-0.026120048,-0.04586487,-0.073629675,0.003945866
"Chloride_intracellular_channels",-0.041312098,-0.052895724,-0.022821958,0.007844795,-0.074572422,-0.132465847,-0.06932459,-0.03011179,-0.05711465,0.01563398,0.02786357,0.18354415
"LEM_domain_containing",-0.005027713,-0.065277579,-0.081079421,-0.013421811,-0.04366147,-0.046468532,-0.0452189087,-0.042500624,-0.0333532133,-0.024618805,-0.0007280617,-0.0331435765
"Ubiquilin_family",0.032610052,-0.05913039,-0.023613185,-0.008388171,0.028225972,-0.030496383,-0.02184232,0.01408048,0.01681362,0.0485917,0.05654349,0.04594945
"Serine.arginine.rich_splicing_factors",-0.037653555,0.093110963,-0.033786129,-0.023544578,0.007971236,-0.013583184,-0.0112101,-0.04127361,0.01579567,-0.03522528,0.00482653,0.05258058
"Caspases",-0.053501528,-0.009484593,-0.004809537,-0.025857168,-0.02074516,-0.049971096,-0.007788224,-0.077330136,-0.084022037,-0.100877573,-0.101966177,-0.10459494
"GCN5_related_N.acetyltransferases",0.096606718,0.024040201,0.006723882,-0.005543908,0.013784413,0.051190658,0.08025869,0.03238938,-0.02883896,-0.03438279,0.03687423,0.014125
"INO80_complex_",0.03585603,-0.02453631,-0.01875054,-0.08459091,-0.03657108,0.00161609,0.02306807,-0.06136378,-0.04222129,-0.08480342,0.01293909,-0.05247371
"Zinc_fingers._HIT.type",0.063576754,0.01960644,-0.009272412,0.052084311,-0.021547833,0.046591593,0.071111742,0.032717732,0.0064008,-0.048489944,0.005980746,-0.040651376
"Peroxins",0.018856032,-0.046292011,-0.026893225,-0.069248349,-0.003724779,-0.009135237,-0.01224527,-0.03932438,-0.02555545,-0.07664884,-0.00377386,-0.02947926
"DDB1_and_CUL4_associated_factors",0.053648854,-0.02175814,0.008529069,-0.012651545,-0.004893848,0.001499478,-0.023228102,-0.049111794,-0.012969664,0.011315955,0.02092677,-0.009596543
"C2_and_RasGAP_domain_containing",0.05100119,0.08876183,0.11387157,0.01158738,0.03895823,0.04466625,-0.042968,-0.0475686,-0.05204762,0.0213523,0.04086827,0.12688528
"Acyl.CoA_dehydrogenase_family",-0.0010924958,0.0001897794,0.0169076967,0.0255406727,-0.0136188128,-0.0368380585,-0.032316075,-0.028829118,-0.056429399,0.018218208,-0.060367834,-0.009099594
"F.box_and_leucine.rich_repeat_proteins",0.026393506,-0.002483492,0.007058349,0.004536729,-0.0050758,0.046602651,-0.0007774762,0.0332990912,-0.0232415148,-0.0575146386,0.0067839878,-0.0148506723
"Zinc_fingers",0.11970119,0.03138053,-0.03494808,-0.04072813,0.01967795,-0.04378783,0.036351161,0.002121237,-0.040180846,-0.087301689,-0.001307045,-0.02307494
"Phosphatidylinositol_glycan_anchor_biosynthesis",0.035864774,-0.015869541,-0.031471603,-0.060573199,0.006341846,-0.012367784,0.021941414,-0.002369952,-0.043094948,-0.081982272,-0.018073868,-0.024382697
"Nuclear_factors_of_activated_T.cells_",-0.071080938,-0.104747205,-0.075570709,0.004876305,-0.029411533,-0.011768844,-0.05339087,-0.0501673,-0.04960862,-0.02460514,-0.0518111,-0.1049947
"UBX_domain_containing",0.082421572,0.035392483,-0.004305034,-0.023690637,0.030604681,-0.031179534,-0.0008660357,-0.0145922282,-0.0770877317,-0.0642107007,-0.007229527,-0.073484671
"Purinergic_receptor_P2X._ligand_gated_ion_channels",-0.05135619,-0.039461,-0.03434934,0.01554347,-0.02893457,-0.0132288,-0.0672623,-0.08336381,-0.09399675,-0.08387636,-0.05833658,-0.07716701
"Secreted_frizzled.related_proteins",-0.06975951,-0.09049231,-0.12789647,-0.05953262,-0.06393649,-0.05842963,-0.05533137,-0.06539862,-0.06838983,-0.0262667,-0.05785621,-0.07238116
"Fucosyltransferases",0.02404996,0.04315757,0.0168379,-0.05199476,0.07226053,-0.01554494,0.07583079,-0.02452041,-0.0286079,-0.03886868,-0.09076736,0.01811041
"yippee_like",-0.011504916,-0.085308542,-0.057731136,-0.006854805,-0.004029463,-0.005659502,-0.0410233,-0.04745241,-0.02409051,-0.01774887,0.03117847,0.04253493
"G.patch_domain_containing",0.002553273,0.061268968,0.024022697,-0.029071674,-0.042137227,-0.056060222,-0.01171157,0.02873692,-0.03061496,-0.07483501,-0.03246423,-0.03949817
"Components_of_oligomeric_golgi_complex",-0.027400748,-0.013398673,0.010937203,-0.061012717,0.001408723,-0.029336016,0.0001538312,-0.0391153258,-0.0449597838,-0.0843558885,-0.026001609,-0.0342780243
"Glutathione_S.transferases",0.14322862,0.0910099,0.03348105,0.07868734,0.04812859,0.12014704,0.105613938,-0.005448042,0.09684169,0.07901315,0.046811441,0.009420242
"BCL2_associated_athanogene_family",0.047523814,-0.077882702,0.006964183,0.039571011,-0.012327144,0.047987306,0.016222853,-0.006724719,-0.03561753,0.002546862,0.043704999,0.016867971
"Myotubularins",0.031501731,-0.004526311,-0.008244145,-0.037628419,0.016660571,0.05792239,-0.048666774,-0.032257562,-0.051267987,-0.071256959,-0.005803886,0.013056303
"U.box_domain_containing",0.0238062,-0.01782284,0.01571977,-0.03003969,0.01292868,-0.03027402,-0.025572556,-0.022655051,-0.004812257,-0.036003467,0.016547829,0.002677576
"Tubulin_tyrosine_ligase_family",0.04157266,0.05166446,0.05638154,0.02231185,0.07488391,0.01442675,-0.015754205,0.005321227,-0.000539356,-0.021276843,-0.03025728,0.012978243
"Annexins",-0.06393488,-0.03892942,-0.01303087,0.0263233,-0.0470752,-0.0824209,-0.058393992,-0.099965317,-0.117342128,-0.144209027,-0.087701212,0.007434295
"Caspase_recruitment_domain_containing",-0.04529498,-0.08742514,-0.03207728,-0.03152179,-0.05732323,-0.02685349,-0.0792619,-0.05185591,-0.05987515,-0.1322795,-0.0630233,-0.06637918
"Zinc_fingers._CCCH.type",-0.02133968,-0.01858664,-0.08246162,-0.02388211,-0.06720944,-0.01294254,0.029165274,0.00876697,-0.032047013,0.041904801,0.002519516,-0.018295101
"Lysine_.K..specific_methyltransferases",0.004999474,0.059841849,-0.006879267,-0.052739578,0.013636775,-0.041642345,0.082902066,0.066164229,0.007014343,-0.077130953,-0.022439976,-0.034834365
"Cyclic_nucleotide_gated_channels",-0.02298467,0.04973004,0.0624044,0.01669974,0.01973471,-0.02424003,-0.080549245,-0.071950668,-0.068477532,-0.040044808,-0.043931958,-0.006053259
"Astacins",-0.039001977,-0.004811775,-0.097080467,-0.062123338,-0.050644078,-0.041989068,-0.04773158,-0.04386395,-0.04760227,0.07734717,-0.04675918,-0.01449814
"Exosome_complex",0.06580959,-0.03320171,-0.04656564,-0.04761601,-0.04353199,0.00319765,0.03495352,-0.01849343,-0.07734584,-0.03716251,-0.01289647,-0.0264397
"Cytochrome_P450_family_4",-0.05255729,-0.05108998,-0.02796546,0.0191884,-0.02313849,-0.01427081,-0.05301623,-0.06932061,-0.06212184,-0.0690859,-0.05531995,-0.0846044
"Tudor_domain_containing",-0.0130378275,-0.0008749635,-0.0060510286,0.1273543931,0.003676807,0.0200662596,-0.03841087,-0.041456362,-0.018964319,0.135183174,-0.024686959,0.005039052
"Dynein_regulatory_complex",-0.002264728,0.003806,0.034072927,-0.009662513,-0.038356147,-0.06753124,-0.03557412,-0.07651211,-0.05944226,-0.10802145,-0.06940975,-0.07843601
"Exportins",0.030733796,0.014993312,0.022941272,-0.027299901,-0.008727406,-0.00343989,-0.005925815,-0.015640246,-0.049949626,-0.094163188,0.021909485,0.015604233
"BBSome",0.023206802,0.01555268,0.041330486,-0.028939493,-0.013162738,0.003317406,-0.0077087242,0.0008534043,-0.0659178312,-0.0982717468,0.0428223404,-0.0747921032
"Protein_phosphatase_6_regulatory_subunits",-0.009875016,-0.0475513389,-0.0370075167,0.0370804427,0.0140314033,-0.0002269974,-0.003306234,-0.001750636,-0.068266884,-0.016740855,0.004104899,-0.012731094
"Keratins._type_I",-0.07540744,-0.03182292,-0.07967792,-0.07694212,-0.02582061,-0.0486702,-0.06242709,-0.095284,-0.07987129,-0.10201005,-0.11946603,-0.07787321
"Paf1.RNA_polymerase_II_complex_",-0.027322998,-0.101879194,0.007098216,0.01854348,0.004652142,-0.011120708,-0.0003906922,-0.0440361913,-0.0302811763,-0.0170224952,0.0491543706,-0.0731340487
"LYR_motif_containing",-0.006412936,0.021774054,0.002900525,-0.019732033,0.036427702,0.034954054,-0.042729662,-0.115774189,-0.015703949,-0.040871405,0.009301029,-0.035267368
"Lysine_.K..specific_demethylases",-0.026320082,-0.009592942,-0.042883038,-0.069640099,-0.007275941,-0.027091949,-0.066861025,-0.030469112,-0.008219225,-0.058888284,0.02712969,-0.001558024
"Apolipoproteins",0.01724948,0.01698709,0.01865372,-0.01785184,-0.0563655,-0.05121445,0.0231961,-0.02314759,-0.05061607,-0.05023215,-0.04613019,-0.02910542
"Bone_morphogenetic_proteins",-0.06046555,0.01358557,-0.09721597,-0.07482752,-0.06279334,-0.05618073,-0.10067327,-0.0741149,-0.0731945,-0.06212685,-0.06219019,-0.06969746
"Fatty_acid_desaturases",0.03295739,0.019819154,0.086608254,-0.001428169,-0.013631872,0.002691199,-0.07342225,-0.0623608,-0.04616357,-0.08657527,-0.05429864,-0.05380025
"Fibulins",-0.05387707,-0.04302946,-0.04309063,-0.01397465,-0.03135076,0.00529267,-0.09537661,-0.1391,-0.12847528,-0.14602916,-0.08147421,-0.13391262
"RecQ_helicases",-0.04510293,-0.0702803,-0.04854312,0.04026169,-0.04647794,-0.0273451,-0.06374042,-0.06108155,-0.07801223,-0.07253485,-0.05769246,-0.08649342
"PWWP_domain_containing",0.002957658,0.051593665,0.005167538,0.007605382,0.002893895,0.028641095,0.01415433,-0.03302507,-0.03809225,-0.0301501,0.01859947,0.03498967
"Rhomboid_family",0.02841688,0.01434155,0.01660657,0.01184343,-0.03324135,-0.03787518,0.002411437,0.00729383,-0.015838776,0.029814259,0.029076731,0.014263348
"CTD_family_phosphatases",0.009865003,-0.030321621,-0.001547574,0.023773695,0.005465949,0.029347465,-0.025181707,0.011573527,-0.027545661,-0.009064078,0.043199489,0.039610487
"NADH.ubiquinone_oxidoreductase_core_subunits",0.02450892,0.02552057,-0.06420953,-0.05340991,-0.01545958,0.02900959,0.05277537,-0.05371924,-0.03326667,-0.06871669,0.01312651,0.0129478
"Methyltransferase_like",-0.01390058,-0.04871351,-0.03367798,-0.02366536,-0.08893457,-0.05924616,0.0246695672,-0.0529590193,-0.0429436898,-0.0373970407,-0.0006144546,-0.0078059691
"Mitogen.activated_protein_kinase_kinases",0.074926805,0.050517098,0.048504949,0.004375273,0.060466959,0.016468214,-0.016774746,-0.025349331,-0.042827803,0.003154102,0.030698292,0.036036209
"ATP_binding_cassette_subfamily_B",0.002907108,0.02854276,0.071224508,0.007776313,0.004030628,-0.051772829,-0.05099939,-0.061189929,0.007499623,-0.063404541,-0.073153899,-0.038620689
"Actins",0.022137328,0.028277303,0.006049767,0.005498078,-0.009022215,0.026024308,-0.03119153,-0.04194455,0.01650226,-0.03255655,-0.04458395,-0.02437115
"THAP_domain_containing",-0.00323194,-0.003461841,0.008286475,0.026331669,0.017700446,0.011694847,4.217127e-05,-0.03616345,-0.0483142,-0.0320656,0.002413183,-0.02247475
"CKLF.like_MARVEL_transmembrane_domain_containing",-0.06792002,-0.060975,-0.09459406,-0.0172951,-0.05353927,-0.00889859,-0.05116084,-0.07102603,-0.0640519,-0.0400791,-0.0640996,-0.06357559
"Pyrin_domain_containing",-0.05901419,-0.01690334,-0.07418138,-0.03738996,-0.06408991,-0.06185503,-0.0402133,-0.02213771,-0.02054695,-0.01312479,-0.04176038,-0.02205349
"SMAD_family",-0.021242975,-0.052583466,-0.016361446,-0.009988084,-0.067357328,-0.052634938,-0.051740703,-0.030728264,-0.029295218,0.003044133,-0.0199092,0.018843667
"Polycomb_group_ring_fingers",0.02969162,-0.05440708,-0.0184074,0.0413905,0.0080237,0.04506586,-0.03036022,-0.05131161,-0.05727951,-0.02610371,-0.03120605,0.01663128
"DEAH_box_polypeptides",0.058873214,0.064742303,0.072206983,-0.008113374,-0.027787107,-0.01389199,-0.001220245,-0.053289066,-0.027775568,-0.056136856,-0.005384842,0.003060753
"Syntaxins",0.092905392,0.056594128,0.087472272,0.018574687,0.008988384,0.057809466,-0.005807748,-0.061650449,-0.016316423,-0.011596244,0.002945924,0.035760528
"Zinc_fingers._MYM.type",0.06084889,0.02140747,-0.02434295,-0.01362931,0.01259565,0.03465323,0.0074186324,0.0126948539,0.0110756937,-0.0203271278,0.0003747476,-0.0059849986
"Complement_system",-0.07870508,-0.09496886,-0.0993238,-0.12486971,-0.11977435,-0.09599689,-0.06504684,-0.02154637,-0.0558407,-0.03483535,-0.05690599,-0.09983094
"Exonucleases",0.0345963,0.03614959,-0.00256315,-0.00391114,0.0245292,-0.06929433,0.09252886,0.01316331,-0.05200846,-0.03681342,-0.03611011,-0.04615675
"Sulfatases",0.019179834,-0.012406171,0.016378512,0.03083278,-0.004688561,0.006670785,-0.002253996,-0.002396632,0.043663282,0.049515662,0.022949844,0.023508674
"Mitogen.activated_protein_kinase_kinase_kinase_kinases",0.026739571,-0.013515935,0.029038814,0.062650446,-0.012964707,-0.006549881,-0.020838339,-0.073045178,-0.054951677,-0.006841783,-0.023533376,-0.032252325
"T.boxes",-0.02832159,-0.06313361,-0.10618874,-0.01194249,-0.03980154,-0.03359925,-0.05046078,-0.05915575,-0.04344901,-0.05918371,-0.03998726,-0.06976318
"Alkylation_repair_homologs",0.02412434,0.052605247,0.045207803,-0.007724408,0.042116256,0.046852991,0.086801034,-0.012519881,0.015375148,-0.00158463,-0.001516967,0.068847325
"Type_I_receptor_serine.threonine_kinases",0.002102511,-0.001990359,-0.006652814,-0.011842108,-0.035514446,0.008561268,-0.093742431,-0.06173644,-0.065402509,0.003226272,-0.011928587,-0.025243327
"Proteoglycans",-0.01128862,-0.03005039,0.0182336,0.07013683,0.10499399,0.07212909,-0.0747899029,-0.0425966223,-0.0913435894,-0.0082689083,-0.0633976074,0.0003720077
"Protein_disulfide_isomerases",0.025673362,0.024109622,0.013242753,-0.025326008,-0.019040775,0.009380918,0.003389934,-0.004827638,-0.054116199,-0.054217149,-0.020549869,0.063935654
"Type_II_receptor_serine.threonine_kinases",0.06447274,-0.00013683,-0.03573946,0.02420272,0.04246194,0.01633911,-0.005669077,0.028696702,-0.031637067,-0.006584928,-0.034619039,-0.006221266
"Baculoviral_IAP_repeat_containing",-0.021125963,-0.072171205,-0.04358241,-0.002507808,0.002250155,0.014661344,-0.005309339,-0.033713044,-0.067451035,-0.03061452,-0.002870126,-0.001752632
"Integrin_subunits._beta_",-0.02763174,-0.06453117,-0.06995596,-0.02653146,-0.04010961,-0.04550455,-0.0688443,-0.04124833,-0.0873601,-0.07634341,-0.10037651,-0.12525601
"Plakins",-0.05686435,-0.0152858,-0.0687713,0.01170003,-0.0191633,-0.03140895,-0.04425658,-0.03674367,-0.042092,-0.04986669,-0.04440571,-0.05790509
"E2F_transcription_factors",-0.02987043,-0.02500998,-0.04521324,-0.05204402,-0.05393733,-0.02594451,-0.0699508,-0.08045851,-0.08677534,-0.03665304,-0.02855565,-0.04119355
"C2_domain_containing_phospholipases",0.051582588,-0.026416564,-0.003083044,0.10816233,0.009727469,0.020132518,0.03352337,0.054128047,0.023002186,0.143387011,0.003130951,-0.015418259
"Mucins",-0.05686435,-0.01876529,-0.09021919,-0.03160663,-0.06248047,-0.04851008,-0.04425658,-0.01957993,-0.05099746,-0.02367634,-0.03927548,-0.0417628
"Sphingosine_1.phosphate_receptors",-0.05686435,-0.01876786,-0.08530897,-0.0164647,-0.06737927,-0.05111345,-0.04425658,-0.03250972,-0.05929053,-0.03449474,-0.03734059,-0.03826805
"C.type_lectin_domain_family",0.01715072,-0.01883535,0.02482419,0.02082787,-0.01476749,0.06120436,-0.04369132,-0.09207061,-0.13078539,-0.12996175,-0.10517691,-0.16476345
"Aldehyde_dehydrogenases",0.05350312,-0.01097919,0.02317092,-0.0349656,-0.03213509,-0.05268985,0.004817987,0.014146394,-0.067473447,-0.101054874,-0.060825668,-0.013721158
"K.lysine._acetyltransferases",0.046758034,0.029047096,0.017595074,-0.015007644,-0.005723045,0.004455073,-0.011400346,-0.040719041,-0.05945575,-0.036581214,-0.027084041,0.004877804
"MutS_homologs",-0.023102385,-0.001909153,-0.025633387,0.048529046,-0.028996291,-0.004015712,-0.06255981,-0.02944161,-0.06502162,-0.07722377,-0.05378104,-0.07205306
"Acyl.CoA_thioesterases",0.06698009,0.11184674,0.06034298,-0.01011735,-0.04236483,-0.06545242,0.061284183,-0.005611147,0.01707016,-0.069608605,-0.001000564,-0.033706026
"Yip1_domain_containing",0.03117471,-0.015323064,0.034248277,0.033108949,0.004088372,0.023846664,0.02996681,0.002701015,0.008103607,-0.047156793,0.017600375,-0.014397715
"OTU_domain_containing",0.002667293,-0.019119515,-0.047094049,-0.038313479,-0.008008598,-0.025730854,0.0314901096,-0.022232245,-0.0257509764,-0.0553265843,0.0009540293,0.1010776339
"F.box_and_WD_repeat_domain_containing",0.055161195,0.063129284,-0.007554307,-0.021042037,0.054625443,0.01217891,0.060534436,0.033560318,0.051273221,-0.001127571,0.028311165,0.009642675
"Glycosyl_transferases_group_1_domain_containing",0.034703823,0.033072813,0.055099942,0.002710204,0.039658186,-0.029965727,-0.011182428,0.02130602,-0.003514142,-0.090739304,-0.018257723,-0.039752682
"Gemins",0.01665804,-0.03502197,-0.00904568,0.05301186,-0.03006286,0.02195042,-0.005217494,-0.021280197,-0.050538595,-0.059174922,-0.028747157,-0.081728027
"Transglutaminases",-0.06346984,-0.05820851,-0.09799038,-0.01513528,-0.0556689,-0.03386417,-0.06047645,-0.08275491,-0.08233062,-0.05409212,-0.06351273,-0.0716296
"Wiskott.Aldrich_Syndrome_protein_family",0.03595436,-0.0444622,0.01518421,0.0573798,0.05100297,0.10038533,0.030361078,-0.003581378,-0.073890704,-0.01503118,-0.016190172,-0.035899104
"Prostaglandin_.prostanoid._receptors",-0.07487635,-0.02862134,-0.06631863,-0.03177292,-0.0484365,-0.06436445,-0.06821883,-0.12274295,-0.06247423,-0.084577,-0.07051604,-0.05519326
"Prefoldin_subunits",0.06408919,-0.03739588,-0.02922812,0.0375127,-0.01476261,-0.01859551,0.08289037,-0.03406062,-0.007148838,-0.01331313,-9.397256e-05,0.007483108
"Nucleoporins",-0.04718009,-0.02582467,-0.08469973,-0.13391698,-0.06299784,-0.08941824,0.001202714,-0.063337491,-0.078911294,-0.123360039,0.005951458,-0.050227301
"Regulatory_factor_X_family",-0.046154518,-0.106890068,-0.028909755,0.025267149,0.027628619,0.001647916,-0.036816623,-0.009460243,-0.076872043,0.039952103,-0.03305554,-0.024362954
"Somatostatin_receptors",-0.074357372,-0.084685804,-0.070712474,0.025145596,-0.033976556,-0.002848399,-0.02274843,-0.09403611,-0.06621972,-0.09431853,-0.05988948,-0.09957315
"Cathepsins",0.116619909,0.076901545,0.0404386,-0.002623665,0.005978762,0.055487575,0.019911957,-0.029029884,0.0602352,-0.034363545,-0.036309114,-0.003658574
"Glycosyltransferase_family_2",0.002254652,-0.083264344,-0.00402387,0.043597957,-0.027190643,0.016233304,-0.023720533,0.029585225,-0.011884076,-0.007224508,-0.013873302,-0.035136311
"purinergic_receptors._G.protein_coupled",-0.04362959,-0.03941003,-0.06216569,0.04937174,-0.06610949,-0.03223929,-0.041705338,-0.034134526,-0.063282375,-0.003574815,0.012942753,-0.017732058
"Importins",0.033329175,0.002398671,-0.020150264,-0.021747173,-0.003470081,0.012439142,0.022638399,0.004992051,-0.046522272,-0.066596395,0.012882229,-0.003754954
"Arachidonate_lipoxygenases",-0.056489744,-0.042758617,-0.063134309,-0.009555901,-0.056391711,-0.048528044,-0.05423548,-0.05971222,-0.01716216,-0.03256435,-0.04362678,-0.04132982
"Butyrophilins",-0.05686435,-0.03100933,-0.09372752,-0.01753894,-0.06388661,-0.04694215,-0.04425658,-0.02075019,-0.05469094,-0.02125223,-0.04067429,-0.03716308
"Transmembrane_channel_likes",-0.053253813,0.003198813,-0.046202858,-0.036150294,-0.048919478,-0.045568977,-0.08630439,-0.10014562,-0.08448717,-0.1021714,-0.06595563,-0.07685389
"Tumor_necrosis_factor_superfamily",-0.05623772,-0.01876529,-0.05380635,-0.06415856,-0.06028958,-0.05135322,-0.08630439,-0.09615608,-0.09160194,-0.07883299,-0.06320613,-0.0797871
"Tektins",-0.01719435,0.03533431,0.04354261,0.09481443,-0.04765294,-0.04156836,-0.04911322,-0.03005927,-0.09918968,-0.10658782,-0.04889344,-0.0724955
"Glucagon_receptor_family",-0.03903127,-0.01439046,-0.06402144,-0.01823361,-0.02695539,-0.02373889,-0.05878557,-0.07725188,-0.06513919,-0.02553271,-0.03254094,-0.01859815
"Opsin_receptors",-0.063469837,-0.051080596,-0.080636739,-0.009421349,-0.057418359,-0.049471609,-0.06047645,-0.0864379,-0.08145322,-0.05963658,-0.0652875,-0.08770974
"Kallikreins",-0.04267019,-0.04609551,-0.05928051,0.01159819,-0.04700666,-0.052686,-0.04681943,-0.03330851,-0.06340996,-0.08122598,-0.05889423,-0.02155724
"ESCRT.III",0.06359333,-0.02682148,-0.0159851,0.0213612,0.03901368,0.04311285,0.0955325119,0.0258898555,-0.0008505751,-0.0236662242,0.0054791509,-0.0938863883
"Apolipoprotein_B_mRNA_editing_enzyme._catalytic_polypeptides",-0.05686435,-0.01430006,-0.09628228,-0.03460371,-0.06388661,-0.05039725,-0.04425658,-0.04302242,-0.0534164,-0.00476347,-0.04067429,-0.02581514
"Small_leucine.rich_repeat_proteoglycans",-0.05623772,-0.01876529,-0.07204743,-0.06745265,-0.06185767,-0.04867349,-0.08630439,-0.09827642,-0.08602079,-0.07536116,-0.05462346,-0.07816489
"Pseudoautosomal_region_1",0.04625045,0.04851987,-0.01342549,0.0237937,-0.01728998,-0.01563048,0.009648232,0.029588573,-0.013478321,0.030054368,-0.009684761,-0.038035054
"Ribonucleases._RNase_A",-0.035604595,-0.014027734,-0.050277055,-0.009859991,-0.041132558,-0.031333006,-0.034117595,-0.0483968937,-0.0427789027,0.0003425895,-0.0446923809,-0.0128086105
"NOP2.Sun_RNA_methyltransferase_family",0.009859136,-0.006931858,0.002022032,-0.024231967,-0.023317068,-0.018336838,-0.05277434,-0.02918411,-0.03419971,-0.04952975,0.01761593,-0.01359896
"Chemokine_.C.C_motif._receptors",-0.06346984,-0.05628709,-0.09799038,-0.02255628,-0.0556689,-0.03328111,-0.06047645,-0.08834729,-0.08233062,-0.06035588,-0.06351273,-0.07062599
"Lysophosphatidic_acid_receptors",-0.06203102,-0.05572086,-0.08894632,-0.02091233,-0.05467791,-0.03116862,-0.06541666,-0.08824953,-0.07609437,-0.04628466,-0.06523421,-0.05563104
"Mitogen.activated_protein_kinase_kinase_kinases",0.04098904,0.01974089,0.01499588,0.00565658,-0.01558765,0.04643558,0.03377279,-0.03379327,-0.06768145,-0.05774959,-0.04981137,0.0302431
"COMM_domain_containing",-0.0155498882,-0.0119025383,0.0001180437,-0.0316899144,0.0533021959,-0.0253329144,0.028442572,-0.043374998,0.027136835,-0.044872251,0.007530671,-0.010211297
"Angiopoietin.like",0.005971329,0.003369594,0.003405268,0.055173969,-0.032156536,0.004392647,-0.02262105,-0.01973895,-0.08356684,-0.08534245,-0.04945257,-0.06266022
"WAP_four.disulfide_core_domain_containing",-0.06346984,-0.05514675,-0.11432857,-0.01998654,-0.0556689,-0.03263298,-0.06047645,-0.07633825,-0.07455496,-0.05220007,-0.06351273,-0.07062599
"Charged_multivesicular_body_proteins",0.04387121,0.050696889,-0.007009294,-0.008944061,0.065860089,0.025571737,0.07674682,0.01540374,0.03008316,-0.04079055,-0.01322245,-0.01102104
"Leukotriene_receptors",-0.03477414,-0.01402773,-0.05935598,-0.01874525,-0.04644558,-0.02888959,-0.033362702,-0.048396894,-0.033109726,0.003892296,-0.043182979,-0.012804063
"Intermediate_filaments_Type_III",-0.04724465,-0.03295971,-0.06961004,-0.01555049,-0.05864331,-0.03842288,-0.08135701,-0.07965023,-0.06120047,-0.02611114,-0.04149241,-0.02968204
"Topoisomerases",-0.05778816,0.01129697,0.03061994,0.04482995,-0.0274641,-0.01918632,-0.065011809,-0.052778601,-0.045668984,-0.027867473,-0.006348051,-0.065402266
"X7TM_orphan_receptors",-0.011032935,-0.006482335,-0.008109552,-0.003619399,-0.038058771,-0.036313093,-0.0001598235,0.0419853354,-0.0045806647,0.0014031737,0.003751914,-0.0091807901
"Forkhead_boxes",-0.030981472,-0.076619699,0.026711728,-0.034088138,-0.006364995,-0.03524961,-0.035674744,0.007241457,-0.042605369,-0.055232885,-0.009068258,0.034310165
"GTPases._IMAP",-0.03477414,-0.01402773,-0.06614992,-0.01531342,-0.04644558,-0.02888959,-0.033362702,-0.048396894,-0.037282841,-0.001477506,-0.043182979,-0.012804063
"Receptor_accessory_proteins",0.12918024,0.10692307,0.08353935,0.07565365,0.12546462,0.04329034,0.019464539,0.052199407,-0.004753902,-0.00144422,-0.042635925,-0.031391028
"Origin_recognition_complex_",-0.01929412,-0.055296659,-0.03830299,0.019387505,-0.001651897,0.028360925,0.01421035,-0.01728916,-0.03005657,-0.05461032,-0.00726987,-0.03011162
"Cytosolic_iron.sulfur_assembly_components",0.0251164,0.02771919,0.06551747,0.06910028,0.02451096,0.09572557,0.007394286,-0.059627741,0.074257427,-0.057835882,-0.006455722,-0.055980224
"Peptide_receptors",-0.03477414,0.00192395,-0.01278749,0.03568027,-0.02104857,-0.04146824,-0.0333627,-0.04458441,-0.0437962,-0.02230944,-0.0357848,0.05915567
"Structural_maintenance_of_chromosomes_proteins",-0.0152113,-0.0101829279,0.0004661359,-0.0331480476,-0.047675065,0.0554793743,-0.025597453,-0.076729607,-0.014170655,-0.032871393,0.009392255,0.021859782
"Xeroderma_pigmentosum_complementation_groups",0.0107037,-0.04321326,0.01909485,-0.02312166,-0.06749727,-0.09251785,-0.06036954,-0.05241143,-0.06505368,-0.10405606,-0.02494791,-0.06107621
"Histocompatibility_complex",-0.05291131,-0.045066,0.02595034,0.04924502,-0.01704299,0.01271779,-0.05846648,-0.08315962,-0.09357554,-0.06871138,-0.05220307,-0.08573511
"Keratins._type_II",-0.008581109,0.061532861,-0.021602505,-0.025796857,-0.028480937,-0.0539389,-0.01695529,-0.0105725,-0.03115633,-0.06348631,-0.07214272,-0.06224795
"Chloride_channels._voltage.sensitive",0.013022471,-0.007694454,0.007052224,-0.034270641,0.015417744,-0.041533702,0.0258569,-0.02751667,-0.01267835,-0.08964904,-0.03527211,-0.03520201
"Fanconi_anemia_complementation_groups",-0.014059089,-0.061457893,-0.008517353,-0.038275541,-0.031960222,-0.025937559,-0.007275647,-0.012940437,-0.103301867,-0.046255236,-0.079005638,-0.055632082
"SMC5.6_protein_complex",0.001726975,-0.052609158,-0.019739513,-0.001775342,-0.019760381,0.042769814,0.031966213,-0.008934333,-0.013670464,0.002657978,0.024523947,0.051373756
"Aminoacyl_tRNA_synthetases._Class_II",0.023039783,0.056079522,-0.016866409,-0.009970859,-0.012826234,-0.014397904,-0.029252695,-0.031965809,-0.035506082,-0.049241693,0.012376842,-0.006718665
"Zinc_fingers._GRF.type",-0.04676418,-0.08663507,-0.05530829,0.01989948,-0.02751655,-0.02000064,-0.0558068,-0.06401423,-0.08080134,-0.04315174,-0.03993458,-0.07744508
"Cullins",0.0605761,0.06399192,-0.01445704,-0.03548666,0.03662915,0.01713279,-0.026267548,-0.047915277,-0.030331455,-0.057238669,-0.01597455,0.007290348
"Glucosaminyl_.N.acetyl._transferases.xylosyltransferases",-0.01493281,0.01349319,-0.02428326,0.05983461,-0.03361678,-0.06174491,-0.03936529,-0.04684292,-0.05940007,-0.02579818,-0.02775828,0.0522168
"EMI_domain_containing",-0.05536607,-0.053563,-0.09543265,-0.02071282,-0.05336829,-0.03156917,-0.06307274,-0.08951305,-0.07632997,-0.05877012,-0.06850935,-0.07915199
"Helix.turn.helix_CENPB_type_domain_containing",-0.02214662,0.0206791,-0.03998502,-0.05471245,-0.01661204,-0.02672042,-0.056617709,-0.072770772,-0.003198418,0.017015863,0.017975996,0.001604106
"Zinc_fingers._RAN_binding.type",-0.0061316037,-0.0197197102,-0.0824860516,-0.0072706265,-0.0008293477,0.0232840476,-0.018611547,-0.074790705,-0.007385739,-0.013257016,0.005750577,-0.038267495
"Alcohol_dehydrogenases",-0.05509085,-0.08982523,-0.08356087,-0.02757372,-0.0349955,-0.03876368,0.0094469501,-0.0309564128,-0.0001530815,0.0326300486,-0.0443462087,-0.023214786
"SUMO_specific_peptidases",0.038832806,0.026625736,0.009126741,-0.031503337,0.014699462,0.024091806,-0.01806553,-0.05075358,-0.03883688,-0.04784963,0.01320501,-0.02163722
"Cohesin_complex",-0.031847395,-0.002731915,0.021676743,0.012386652,0.012246804,0.002695272,-0.004811393,-0.065220674,-0.02160414,-0.0474007,0.017186063,-0.020524521
"Dolichyl_D.mannosyl_phosphate_dependent_mannosyltransferases",-0.030298519,0.028120625,0.007410422,-0.039040825,-0.02452316,-0.075866071,-0.04145536,-0.01698083,-0.01178639,-0.04551646,-0.0502675,-0.02512297
"Nuclear_hormone_receptors",0.05603119,0.05261239,0.03845808,0.10486687,0.05234344,0.14866695,-0.03101876,-0.006700497,0.119631172,0.133201144,0.147359402,0.095657861
"P.type_ATPases",0.0888972,0.071103472,0.006589106,0.061903172,0.066408296,0.102237377,0.15859349,0.05544394,0.09254509,0.12702822,0.11430515,0.09801484
"Collagens",0.03190634,0.04338918,0.12279737,0.06589236,0.01920357,0.03381267,-0.09893675,-0.13932079,-0.1421384,-0.043756,-0.10842359,-0.09367971
"Receptor_Tyrosine_Kinases",-0.042129771,0.003816956,0.010520397,-0.026184777,-0.023357919,0.081736412,0.006675376,-0.03928514,0.003298685,-0.060451449,-0.018165128,0.122648715
"Interleukin_receptors",-0.13143187,-0.16436423,-0.05447326,0.01350517,-0.02811187,-0.03415635,-0.09783149,-0.04297215,-0.07425894,0.02833966,-0.07153956,-0.11381576
"Proteases._serine",-0.05687849,-0.03974715,-0.04274707,-0.09064116,-0.09376238,-0.07426068,-0.031864954,-0.009254252,-0.078968763,-0.114709548,-0.082083448,-0.043592209
"Rho_GTPase_activating_proteins",0.06020879,-0.03957455,0.04577082,0.09293896,0.02839567,0.08819824,0.009385343,-0.072949802,-0.028093646,0.081055214,0.015857807,0.128361766
"PRD_class_homeoboxes_and_pseudogenes",-0.18234396,-0.0935357,-0.04013939,-0.08797126,-0.09489629,-0.13337499,0.182084342,-0.078596784,0.137781996,-0.004394097,-0.038648812,0.045733584
"Proteasome",-0.006210013,-0.06089255,0.027606556,-0.077681488,-0.005817664,0.023377176,-0.02511584,-0.06553316,-0.0678105,-0.0983069,-0.0500586,-0.0138197
"Kinesins",0.02611611,0.06109273,0.05891992,-0.01756669,-0.02645212,-0.04364418,-0.005156514,-0.042202633,-0.067717792,-0.064158422,-0.031339021,-0.035759022
"Basic_leucine_zipper_proteins",0.044773478,0.004114966,0.0482286,0.028618339,0.046006641,0.017384624,0.03010239,-0.02198915,0.00255331,-0.04986381,-0.04066604,-0.05033258
"NKL_subclass_homeoboxes_and_pseudogenes",0.1206334,0.02421212,0.10732985,0.09364012,0.08295004,0.04960227,-0.12769756,-0.11315753,-0.06491422,-0.11111177,-0.09973175,-0.04736164
"Ubiquitin.specific_peptidases",-0.01477896,-0.02515652,-0.03426746,-0.0530892,-0.01117242,0.02411957,0.04249521,0.00365082,-0.03032841,-0.11915431,-0.04113795,-0.02281572
"DEAD_box_polypeptides",0.03659473,0.03657204,-0.01091468,-0.08360061,-0.0168287,-0.0444352,0.03202664,-0.0984111,-0.00893421,-0.09101594,-0.03844432,-0.05393989
"Minor_histocompatibility_antigens",-0.08624184,-0.0566107,-0.05989277,-0.10815089,-0.04238149,-0.08736368,-0.07261182,-0.07936691,-0.02417481,-0.0614539,-0.04373462,-0.01728565
"Phospholipases",0.017571313,-0.049912716,0.004510287,0.029829321,-0.072434598,-0.044069978,0.032028936,0.036214361,-0.074146836,0.057663183,-0.000953866,-0.050432169
"Tripartite_motif.containing",0.008051963,0.006505307,-0.014432145,-0.046257122,-0.016253757,-0.073634518,0.02027472,-0.04352869,-0.03111431,-0.06269557,-0.06980057,-0.06608878
"AAA_ATPases_.ATPases_associated_with_diverse_cellular_activities.",-0.05057944,-0.01125568,-0.03595883,-0.10142969,-0.05542034,-0.02247987,0.02576898,-0.04749192,-0.10883498,-0.12440528,-0.08255756,-0.08198142
"DNAJ_.HSP40._heat_shock_proteins",0.02485816,0.01649767,0.06972438,-0.02186657,0.02048769,0.01935483,0.06893791,-0.01355877,-0.006655,-0.10790106,-0.0448491,0.03418474
"Armadillo_repeat_containing",-0.008000405,0.073336139,0.089837502,0.004292822,0.061624119,0.043887216,0.023468308,-0.00741888,0.005799813,-0.015535548,-0.005824546,0.018913924
"SANT.Myb_domain_containing",-0.049898378,-0.005753168,-0.036234299,-0.044463412,-0.044749248,-0.017399517,0.040414833,-0.008022766,-0.030173483,-0.083176423,-0.028786255,-0.023960455
"HOXL_subclass_homeoboxes",-0.07173604,-0.06198202,-0.10529674,-0.02368185,-0.0556689,-0.03061842,-0.06757577,-0.07285435,-0.07549342,-0.03783578,-0.05318076,-0.05739527
